ISO-10303-21;
HEADER;
FILE_DESCRIPTION(('ViewDefinition [CoordinationView_V2.0]','RevitIdentifiers [ContentGUID: 79c116a4-af88-4ffa-befd-4d0f10db95fe, VersionGUID: 96e71217-e0fc-4438-bb15-9e577ade513a, NumberOfSaves: 1]','CoordinateReference [CoordinateBase: Shared Coordinates]'),'2;1');
FILE_NAME('sample_1.ifc','2026-05-19T18:17:27+01:00',(''),(''),'ODA SDAI 25.12','Autodesk - Revit 26.4.0.32 (ENU) - 26.4.0.32','');
FILE_SCHEMA(('IFC2X3'));
ENDSEC;

DATA;
#1=IFCORGANIZATION($,'Autodesk Revit 2026 (ENU)',$,$,$);
#2=IFCAPPLICATION(#1,'2026','Autodesk Revit 2026 (ENU)','Revit');
#3=IFCPERSON($,'','Gaellehabib24',$,$,$,$,$);
#4=IFCORGANIZATION($,'','',$,$);
#5=IFCPERSONANDORGANIZATION(#3,#4,$);
#6=IFCOWNERHISTORY(#5,#2,$,.NOCHANGE.,$,$,$,1779207428);
#7=IFCSIUNIT(*,.LENGTHUNIT.,$,.METRE.);
#8=IFCSIUNIT(*,.AREAUNIT.,$,.SQUARE_METRE.);
#9=IFCSIUNIT(*,.VOLUMEUNIT.,$,.CUBIC_METRE.);
#10=IFCCARTESIANPOINT((0.,0.,0.));
#11=IFCAXIS2PLACEMENT3D(#10,$,$);
#12=IFCDIRECTION((0.,1.));
#13=IFCGEOMETRICREPRESENTATIONCONTEXT($,'Model',3,1.0000000000000001E-005,#11,#12);
#14=IFCGEOMETRICREPRESENTATIONSUBCONTEXT('Axis','Model',*,*,*,*,#13,$,.GRAPH_VIEW.,$);
#15=IFCGEOMETRICREPRESENTATIONSUBCONTEXT('Body','Model',*,*,*,*,#13,$,.MODEL_VIEW.,$);
#16=IFCGEOMETRICREPRESENTATIONSUBCONTEXT('Box','Model',*,*,*,*,#13,$,.MODEL_VIEW.,$);
#17=IFCGEOMETRICREPRESENTATIONSUBCONTEXT('FootPrint','Model',*,*,*,*,#13,$,.MODEL_VIEW.,$);
#18=IFCPROJECT('1vmHQahuXF_hxzJG$l96eE',#6,'0001',$,$,'Project Name','Project Status',(#13),#3663);
#19=IFCPOSTALADDRESS($,$,$,$,('Enter address here'),$,'','Boston','','MA');
#20=IFCAXIS2PLACEMENT3D(#10,$,$);
#21=IFCLOCALPLACEMENT(#35,#20);
#22=IFCBUILDING('1vmHQahuXF_hxzJG$l96eF',#6,'',$,$,#21,$,'',.ELEMENT.,$,$,#19);
#23=IFCAXIS2PLACEMENT3D(#10,$,$);
#24=IFCLOCALPLACEMENT(#21,#23);
#25=IFCBUILDINGSTOREY('3Zu5Bv0LOHrPC10026FoQQ',#6,'Level 1',$,$,#24,$,'Level 1',.ELEMENT.,0.);
#26=IFCCARTESIANPOINT((0.,0.,4.));
#27=IFCAXIS2PLACEMENT3D(#26,$,$);
#28=IFCLOCALPLACEMENT(#21,#27);
#29=IFCBUILDINGSTOREY('15Z0v90RiHrPC20026FoKR',#6,'Level 2',$,$,#28,$,'Level 2',.ELEMENT.,4.);
#30=IFCCARTESIANPOINT((0.,0.,8.));
#31=IFCAXIS2PLACEMENT3D(#30,$,$);
#32=IFCLOCALPLACEMENT(#21,#31);
#33=IFCBUILDINGSTOREY('2VAVo7xAHC8gxIHnduhp96',#6,'Level 3',$,$,#32,$,'Level 3',.ELEMENT.,8.0000000000002593);
#34=IFCAXIS2PLACEMENT3D(#10,$,$);
#35=IFCLOCALPLACEMENT($,#34);
#36=IFCSITE('1vmHQahuXF_hxzJG$l96eC',#6,'Default',$,$,#35,$,$,.ELEMENT.,(42,21,31,181945),(-71,-3,-24,-263305),0.,$,$);
#37=IFCAXIS2PLACEMENT3D(#10,$,$);
#38=IFCLOCALPLACEMENT(#24,#37);
#39=IFCCARTESIANPOINT((2.9976021664879227E-015,-1.1102230246251565E-015));
#40=IFCDIRECTION((1.,0.));
#41=IFCAXIS2PLACEMENT2D(#39,#40);
#42=IFCRECTANGLEPROFILEDEF(.AREA.,$,#41,3.7999999999999878,3.8000000000000025);
#43=IFCCARTESIANPOINT((-10.818430230951881,1.9728658932774077,0.));
#44=IFCDIRECTION((0.,0.,1.));
#45=IFCDIRECTION((0.,-1.,0.));
#46=IFCAXIS2PLACEMENT3D(#43,#44,#45);
#47=IFCEXTRUDEDAREASOLID(#42,#46,#44,4.);
#48=IFCSIUNIT(*,.PLANEANGLEUNIT.,$,.RADIAN.);
#49=IFCDIMENSIONALEXPONENTS(0,0,0,0,0,0,0);
#50=IFCMEASUREWITHUNIT(IFCPLANEANGLEMEASURE(0.017453292519943278),#48);
#51=IFCCONVERSIONBASEDUNIT(#49,.PLANEANGLEUNIT.,'DEGREE',#50);
#52=IFCSHAPEREPRESENTATION(#15,'Body','SweptSolid',(#47));
#53=IFCPRODUCTDEFINITIONSHAPE($,$,(#52));
#54=IFCSPACE('2VAVo7xAHC8gxIHnduhovg',#6,'1',$,$,#38,#53,'Room',.ELEMENT.,.INTERNAL.,$);
#55=IFCSPACETYPE('2VAVo7xAHC8gxIJnduhovg',#6,'Room 1:358258',$,$,$,$,'358258',$,.NOTDEFINED.);
#56=IFCPROPERTYSINGLEVALUE('Name',$,IFCLABEL('Room'),$);
#57=IFCPROPERTYSET('2WJbmqOLuUhmriiN9p9Gia',#6,'Pset_AirSideSystemInformation',$,(#56));
#58=IFCPROPERTYSINGLEVALUE('Name',$,IFCLABEL('Room'),$);
#59=IFCPROPERTYSET('0EnTJjVPiavTIJ9xHyr5tm',#6,'Pset_ProductRequirements',$,(#58));
#60=IFCPROPERTYSINGLEVALUE('Reference',$,IFCIDENTIFIER('Room 1'),$);
#61=IFCPROPERTYSET('2X_yvdAqATP9DrF5mtvUrA',#6,'Pset_SpaceCommon',$,(#60));
#62=IFCRELDEFINESBYPROPERTIES('3wgfnq9X6QtpyxcK_ZmL9k',#6,$,$,(#54),#57);
#63=IFCRELDEFINESBYPROPERTIES('0S7gPJX8S6YUKhAhlUpQVT',#6,$,$,(#54),#59);
#64=IFCRELDEFINESBYPROPERTIES('3yd8SjcAWsQj8JGJwdoJj4',#6,$,$,(#54),#61);
#65=IFCAXIS2PLACEMENT3D(#10,$,$);
#66=IFCLOCALPLACEMENT(#24,#65);
#67=IFCCARTESIANPOINT((0.76666666666666106,-0.65000000000000102));
#68=IFCAXIS2PLACEMENT2D(#67,#40);
#69=IFCRECTANGLEPROFILEDEF(.AREA.,$,#68,7.6999999999999638,7.3000000000000025);
#70=IFCCARTESIANPOINT((-8.4184302309518895,-3.210467440055917,0.));
#71=IFCAXIS2PLACEMENT3D(#70,#44,#45);
#72=IFCEXTRUDEDAREASOLID(#69,#71,#44,4.);
#73=IFCSHAPEREPRESENTATION(#15,'Body','SweptSolid',(#72));
#74=IFCPRODUCTDEFINITIONSHAPE($,$,(#73));
#75=IFCSPACE('2VAVo7xAHC8gxIHnduhovh',#6,'2',$,$,#66,#74,'Room',.ELEMENT.,.INTERNAL.,$);
#76=IFCSPACETYPE('2VAVo7xAHC8gxIJnduhovh',#6,'Room 2:358259',$,$,$,$,'358259',$,.NOTDEFINED.);
#77=IFCPROPERTYSINGLEVALUE('Name',$,IFCLABEL('Room'),$);
#78=IFCPROPERTYSET('1U0lx48C5KhbS6VRt6y5TW',#6,'Pset_AirSideSystemInformation',$,(#77));
#79=IFCPROPERTYSINGLEVALUE('Name',$,IFCLABEL('Room'),$);
#80=IFCPROPERTYSET('0vbp2JJo3Ca_DQWuHK9oQm',#6,'Pset_ProductRequirements',$,(#79));
#81=IFCPROPERTYSINGLEVALUE('Reference',$,IFCIDENTIFIER('Room 2'),$);
#82=IFCPROPERTYSET('1EUNVBQ2_1YDplPyJ4Osln',#6,'Pset_SpaceCommon',$,(#81));
#83=IFCRELDEFINESBYPROPERTIES('3j6YzjJ96CzZJbPrMmJFhF',#6,$,$,(#75),#78);
#84=IFCRELDEFINESBYPROPERTIES('0oGwt5stlQoY4$YkpACKZ7',#6,$,$,(#75),#80);
#85=IFCRELDEFINESBYPROPERTIES('2nLASZrb0Jvbr2x4VnaVMf',#6,$,$,(#75),#82);
#86=IFCAXIS2PLACEMENT3D(#10,$,$);
#87=IFCLOCALPLACEMENT(#24,#86);
#88=IFCCARTESIANPOINT((2.2204460492503131E-016,0.));
#89=IFCAXIS2PLACEMENT2D(#88,#40);
#90=IFCRECTANGLEPROFILEDEF(.AREA.,$,#89,2.9999999999999947,8.3999999999999986);
#91=IFCCARTESIANPOINT((-1.0184302309518867,-1.6271341067226182,0.));
#92=IFCDIRECTION((0.,1.,0.));
#93=IFCAXIS2PLACEMENT3D(#91,#44,#92);
#94=IFCEXTRUDEDAREASOLID(#90,#93,#44,4.);
#95=IFCSHAPEREPRESENTATION(#15,'Body','SweptSolid',(#94));
#96=IFCPRODUCTDEFINITIONSHAPE($,$,(#95));
#97=IFCSPACE('2VAVo7xAHC8gxIHnduhovi',#6,'3',$,$,#87,#96,'Room',.ELEMENT.,.INTERNAL.,$);
#98=IFCSPACETYPE('2VAVo7xAHC8gxIJnduhovi',#6,'Room 3:358260',$,$,$,$,'358260',$,.NOTDEFINED.);
#99=IFCPROPERTYSINGLEVALUE('Name',$,IFCLABEL('Room'),$);
#100=IFCPROPERTYSET('03MGL8m7xq6rmtKx9FASKv',#6,'Pset_AirSideSystemInformation',$,(#99));
#101=IFCPROPERTYSINGLEVALUE('Name',$,IFCLABEL('Room'),$);
#102=IFCPROPERTYSET('03MEuGerYvVFOiweYEuD1x',#6,'Pset_ProductRequirements',$,(#101));
#103=IFCPROPERTYSINGLEVALUE('Reference',$,IFCIDENTIFIER('Room 3'),$);
#104=IFCPROPERTYSET('2br8ef66cyfJlpmA$8x3sP',#6,'Pset_SpaceCommon',$,(#103));
#105=IFCRELDEFINESBYPROPERTIES('1nrvlQbfdSFtetQr4YDQTv',#6,$,$,(#97),#100);
#106=IFCRELDEFINESBYPROPERTIES('125C089GUbPYn3gc4pOOdu',#6,$,$,(#97),#102);
#107=IFCRELDEFINESBYPROPERTIES('0gp0gO9gSeH7nxEfIa9G5E',#6,$,$,(#97),#104);
#108=IFCAXIS2PLACEMENT3D(#10,$,$);
#109=IFCLOCALPLACEMENT(#24,#108);
#110=IFCCARTESIANPOINT((-2.2204460492503131E-016,0.));
#111=IFCAXIS2PLACEMENT2D(#110,#40);
#112=IFCRECTANGLEPROFILEDEF(.AREA.,$,#111,4.4999999999999698,8.3999999999999986);
#113=IFCCARTESIANPOINT((-1.0184302309518931,-5.5771341067225997,0.));
#114=IFCAXIS2PLACEMENT3D(#113,#44,#92);
#115=IFCEXTRUDEDAREASOLID(#112,#114,#44,4.);
#116=IFCSHAPEREPRESENTATION(#15,'Body','SweptSolid',(#115));
#117=IFCPRODUCTDEFINITIONSHAPE($,$,(#116));
#118=IFCSPACE('2VAVo7xAHC8gxIHnduhovj',#6,'4',$,$,#109,#117,'Room',.ELEMENT.,.INTERNAL.,$);
#119=IFCSPACETYPE('2VAVo7xAHC8gxIJnduhovj',#6,'Room 4:358261',$,$,$,$,'358261',$,.NOTDEFINED.);
#120=IFCPROPERTYSINGLEVALUE('Name',$,IFCLABEL('Room'),$);
#121=IFCPROPERTYSET('0GIkibT_h3Wim7zrq87s0w',#6,'Pset_AirSideSystemInformation',$,(#120));
#122=IFCPROPERTYSINGLEVALUE('Name',$,IFCLABEL('Room'),$);
#123=IFCPROPERTYSET('0Syo6C66Rir_PTxYaOmDfz',#6,'Pset_ProductRequirements',$,(#122));
#124=IFCPROPERTYSINGLEVALUE('Reference',$,IFCIDENTIFIER('Room 4'),$);
#125=IFCPROPERTYSET('0p$zCgjul3fdtg3IZMGb8o',#6,'Pset_SpaceCommon',$,(#124));
#126=IFCRELDEFINESBYPROPERTIES('02dvpsnSX22K9cdPzywbqs',#6,$,$,(#118),#121);
#127=IFCRELDEFINESBYPROPERTIES('1YlU1peVwlFhe_o8nmpHqE',#6,$,$,(#118),#123);
#128=IFCRELDEFINESBYPROPERTIES('2UNT7hAtYfqfdQtzwkRWo0',#6,$,$,(#118),#125);
#129=IFCAXIS2PLACEMENT3D(#10,$,$);
#130=IFCLOCALPLACEMENT(#24,#129);
#131=IFCCARTESIANPOINT((5.5511151231257827E-016,-2.4424906541753444E-015));
#132=IFCAXIS2PLACEMENT2D(#131,#40);
#133=IFCRECTANGLEPROFILEDEF(.AREA.,$,#132,3.3000000000000003,3.8000000000000114);
#134=IFCCARTESIANPOINT((-7.0684302309518792,1.9728658932774017,0.));
#135=IFCDIRECTION((-1.,0.,0.));
#136=IFCAXIS2PLACEMENT3D(#134,#44,#135);
#137=IFCEXTRUDEDAREASOLID(#133,#136,#44,4.);
#138=IFCSHAPEREPRESENTATION(#15,'Body','SweptSolid',(#137));
#139=IFCPRODUCTDEFINITIONSHAPE($,$,(#138));
#140=IFCSPACE('2VAVo7xAHC8gxIHnduhovk',#6,'5',$,$,#130,#139,'Room',.ELEMENT.,.INTERNAL.,$);
#141=IFCSPACETYPE('2VAVo7xAHC8gxIJnduhovk',#6,'Room 5:358262',$,$,$,$,'358262',$,.NOTDEFINED.);
#142=IFCPROPERTYSINGLEVALUE('Name',$,IFCLABEL('Room'),$);
#143=IFCPROPERTYSET('2KHQ$kSiVvCQOg0DxwI6Gz',#6,'Pset_AirSideSystemInformation',$,(#142));
#144=IFCPROPERTYSINGLEVALUE('Name',$,IFCLABEL('Room'),$);
#145=IFCPROPERTYSET('14PFrjHqK2MYtzGUMoAhPI',#6,'Pset_ProductRequirements',$,(#144));
#146=IFCPROPERTYSINGLEVALUE('Reference',$,IFCIDENTIFIER('Room 5'),$);
#147=IFCPROPERTYSET('1C4Pb0DTYad2WrzxTjm5bz',#6,'Pset_SpaceCommon',$,(#146));
#148=IFCRELDEFINESBYPROPERTIES('3BM4kmndogQfigt8Dccu_z',#6,$,$,(#140),#143);
#149=IFCRELDEFINESBYPROPERTIES('3X1LoO7QWbWxjgVNyJjGLN',#6,$,$,(#140),#145);
#150=IFCRELDEFINESBYPROPERTIES('0JDSCkOO4h80KQ$LfjTBKt',#6,$,$,(#140),#147);
#151=IFCAXIS2PLACEMENT3D(#10,$,$);
#152=IFCLOCALPLACEMENT(#24,#151);
#153=IFCCARTESIANPOINT((0.,-6.4392935428259079E-015));
#154=IFCAXIS2PLACEMENT2D(#153,#40);
#155=IFCRECTANGLEPROFILEDEF(.AREA.,$,#154,8.3999999999999986,3.8000000000000393);
#156=IFCCARTESIANPOINT((-1.0184302309518807,1.9728658932773919,0.));
#157=IFCAXIS2PLACEMENT3D(#156,#44,#135);
#158=IFCEXTRUDEDAREASOLID(#155,#157,#44,4.);
#159=IFCSHAPEREPRESENTATION(#15,'Body','SweptSolid',(#158));
#160=IFCPRODUCTDEFINITIONSHAPE($,$,(#159));
#161=IFCSPACE('2VAVo7xAHC8gxIHnduhovl',#6,'6',$,$,#152,#160,'Room',.ELEMENT.,.INTERNAL.,$);
#162=IFCSPACETYPE('2VAVo7xAHC8gxIJnduhovl',#6,'Room 6:358263',$,$,$,$,'358263',$,.NOTDEFINED.);
#163=IFCPROPERTYSINGLEVALUE('Name',$,IFCLABEL('Room'),$);
#164=IFCPROPERTYSET('0kEtAkciFCxf6G2k5lzTiW',#6,'Pset_AirSideSystemInformation',$,(#163));
#165=IFCPROPERTYSINGLEVALUE('Name',$,IFCLABEL('Room'),$);
#166=IFCPROPERTYSET('2Mc2_giNP5s87sCb21GaGI',#6,'Pset_ProductRequirements',$,(#165));
#167=IFCPROPERTYSINGLEVALUE('Reference',$,IFCIDENTIFIER('Room 6'),$);
#168=IFCPROPERTYSET('1M$EW78IMyXmM1YU9YjF3T',#6,'Pset_SpaceCommon',$,(#167));
#169=IFCRELDEFINESBYPROPERTIES('1hR_jSTZCy4eCFhtWw2ZL6',#6,$,$,(#161),#164);
#170=IFCRELDEFINESBYPROPERTIES('3JRBfHXa1Q3I19pjcyC530',#6,$,$,(#161),#166);
#171=IFCRELDEFINESBYPROPERTIES('0VAvx2AULz06G04nrer3DE',#6,$,$,(#161),#168);
#172=IFCAXIS2PLACEMENT3D(#10,$,$);
#173=IFCLOCALPLACEMENT(#28,#172);
#174=IFCCARTESIANPOINT((2.9976021664879227E-015,-1.1102230246251565E-015));
#175=IFCAXIS2PLACEMENT2D(#174,#40);
#176=IFCRECTANGLEPROFILEDEF(.AREA.,$,#175,3.7999999999999878,3.8000000000000025);
#177=IFCCARTESIANPOINT((-10.818430230951881,1.9728658932774077,0.));
#178=IFCAXIS2PLACEMENT3D(#177,#44,#45);
#179=IFCEXTRUDEDAREASOLID(#176,#178,#44,4.);
#180=IFCSHAPEREPRESENTATION(#15,'Body','SweptSolid',(#179));
#181=IFCPRODUCTDEFINITIONSHAPE($,$,(#180));
#182=IFCSPACE('2VAVo7xAHC8gxIHnduhowP',#6,'7',$,$,#173,#181,'Room',.ELEMENT.,.INTERNAL.,$);
#183=IFCSPACETYPE('2VAVo7xAHC8gxIJnduhowP',#6,'Room 7:358273',$,$,$,$,'358273',$,.NOTDEFINED.);
#184=IFCPROPERTYSINGLEVALUE('Name',$,IFCLABEL('Room'),$);
#185=IFCPROPERTYSET('0MmL_J7l$kgbaU$eYJ5YkO',#6,'Pset_AirSideSystemInformation',$,(#184));
#186=IFCPROPERTYSINGLEVALUE('Name',$,IFCLABEL('Room'),$);
#187=IFCPROPERTYSET('2LUVb6zu9J3fGI2bIJlfi9',#6,'Pset_ProductRequirements',$,(#186));
#188=IFCPROPERTYSINGLEVALUE('Reference',$,IFCIDENTIFIER('Room 7'),$);
#189=IFCPROPERTYSET('3Uaxd_PAKqBuKc2nevTyCN',#6,'Pset_SpaceCommon',$,(#188));
#190=IFCRELDEFINESBYPROPERTIES('097dRTe42NIfomjcS6y9UP',#6,$,$,(#182),#185);
#191=IFCRELDEFINESBYPROPERTIES('2BB36aToAKlSlbVtpXr5cr',#6,$,$,(#182),#187);
#192=IFCRELDEFINESBYPROPERTIES('3r7_CbQSC4NDdM_W1nAIJ2',#6,$,$,(#182),#189);
#193=IFCAXIS2PLACEMENT3D(#10,$,$);
#194=IFCLOCALPLACEMENT(#28,#193);
#195=IFCCARTESIANPOINT((0.76666666666666106,-0.65000000000000102));
#196=IFCAXIS2PLACEMENT2D(#195,#40);
#197=IFCRECTANGLEPROFILEDEF(.AREA.,$,#196,7.6999999999999638,7.3000000000000025);
#198=IFCCARTESIANPOINT((-8.4184302309518895,-3.210467440055917,0.));
#199=IFCAXIS2PLACEMENT3D(#198,#44,#45);
#200=IFCEXTRUDEDAREASOLID(#197,#199,#44,4.);
#201=IFCSHAPEREPRESENTATION(#15,'Body','SweptSolid',(#200));
#202=IFCPRODUCTDEFINITIONSHAPE($,$,(#201));
#203=IFCSPACE('2VAVo7xAHC8gxIHnduhowQ',#6,'8',$,$,#194,#202,'Room',.ELEMENT.,.INTERNAL.,$);
#204=IFCSPACETYPE('2VAVo7xAHC8gxIJnduhowQ',#6,'Room 8:358274',$,$,$,$,'358274',$,.NOTDEFINED.);
#205=IFCPROPERTYSINGLEVALUE('Name',$,IFCLABEL('Room'),$);
#206=IFCPROPERTYSET('1ggWI3zo8XyVs2m4w8v6eY',#6,'Pset_AirSideSystemInformation',$,(#205));
#207=IFCPROPERTYSINGLEVALUE('Name',$,IFCLABEL('Room'),$);
#208=IFCPROPERTYSET('0ix910bzTMS3Hpd6NrRMZt',#6,'Pset_ProductRequirements',$,(#207));
#209=IFCPROPERTYSINGLEVALUE('Reference',$,IFCIDENTIFIER('Room 8'),$);
#210=IFCPROPERTYSET('1UBSOQNMVKuRYx0FM5YOew',#6,'Pset_SpaceCommon',$,(#209));
#211=IFCRELDEFINESBYPROPERTIES('20qRpst7dF5Z$4al9TcMRB',#6,$,$,(#203),#206);
#212=IFCRELDEFINESBYPROPERTIES('0zeIe8En_WsJW3txXU_c2F',#6,$,$,(#203),#208);
#213=IFCRELDEFINESBYPROPERTIES('3vuC4$wf3hhXbqZ76VWyd_',#6,$,$,(#203),#210);
#214=IFCAXIS2PLACEMENT3D(#10,$,$);
#215=IFCLOCALPLACEMENT(#28,#214);
#216=IFCCARTESIANPOINT((2.2204460492503131E-016,0.));
#217=IFCAXIS2PLACEMENT2D(#216,#40);
#218=IFCRECTANGLEPROFILEDEF(.AREA.,$,#217,2.9999999999999947,8.3999999999999986);
#219=IFCCARTESIANPOINT((-1.0184302309518867,-1.6271341067226182,0.));
#220=IFCAXIS2PLACEMENT3D(#219,#44,#92);
#221=IFCEXTRUDEDAREASOLID(#218,#220,#44,4.);
#222=IFCSHAPEREPRESENTATION(#15,'Body','SweptSolid',(#221));
#223=IFCPRODUCTDEFINITIONSHAPE($,$,(#222));
#224=IFCSPACE('2VAVo7xAHC8gxIHnduhowR',#6,'9',$,$,#215,#223,'Room',.ELEMENT.,.INTERNAL.,$);
#225=IFCSPACETYPE('2VAVo7xAHC8gxIJnduhowR',#6,'Room 9:358275',$,$,$,$,'358275',$,.NOTDEFINED.);
#226=IFCPROPERTYSINGLEVALUE('Name',$,IFCLABEL('Room'),$);
#227=IFCPROPERTYSET('23eyAOzwG7ukFfVzdPFtYC',#6,'Pset_AirSideSystemInformation',$,(#226));
#228=IFCPROPERTYSINGLEVALUE('Name',$,IFCLABEL('Room'),$);
#229=IFCPROPERTYSET('38hi3_DwGDWHAA7Hh7hZca',#6,'Pset_ProductRequirements',$,(#228));
#230=IFCPROPERTYSINGLEVALUE('Reference',$,IFCIDENTIFIER('Room 9'),$);
#231=IFCPROPERTYSET('3mYCaGC40CsRHKy2FptYvN',#6,'Pset_SpaceCommon',$,(#230));
#232=IFCRELDEFINESBYPROPERTIES('2rDDnQLANllbiqaL_QDEzF',#6,$,$,(#224),#227);
#233=IFCRELDEFINESBYPROPERTIES('3_ssK7$VzsYlW4tPjPgA4h',#6,$,$,(#224),#229);
#234=IFCRELDEFINESBYPROPERTIES('1K26iJDN5gdWLwAMtL1CdO',#6,$,$,(#224),#231);
#235=IFCAXIS2PLACEMENT3D(#10,$,$);
#236=IFCLOCALPLACEMENT(#28,#235);
#237=IFCCARTESIANPOINT((-2.2204460492503131E-016,0.));
#238=IFCAXIS2PLACEMENT2D(#237,#40);
#239=IFCRECTANGLEPROFILEDEF(.AREA.,$,#238,4.4999999999999698,8.3999999999999986);
#240=IFCCARTESIANPOINT((-1.0184302309518931,-5.5771341067225997,0.));
#241=IFCAXIS2PLACEMENT3D(#240,#44,#92);
#242=IFCEXTRUDEDAREASOLID(#239,#241,#44,4.);
#243=IFCSHAPEREPRESENTATION(#15,'Body','SweptSolid',(#242));
#244=IFCPRODUCTDEFINITIONSHAPE($,$,(#243));
#245=IFCSPACE('2VAVo7xAHC8gxIHnduhowS',#6,'10',$,$,#236,#244,'Room',.ELEMENT.,.INTERNAL.,$);
#246=IFCSPACETYPE('2VAVo7xAHC8gxIJnduhowS',#6,'Room 10:358276',$,$,$,$,'358276',$,.NOTDEFINED.);
#247=IFCPROPERTYSINGLEVALUE('Name',$,IFCLABEL('Room'),$);
#248=IFCPROPERTYSET('1zCWExUbDaX3pZw1G_Nc0O',#6,'Pset_AirSideSystemInformation',$,(#247));
#249=IFCPROPERTYSINGLEVALUE('Name',$,IFCLABEL('Room'),$);
#250=IFCPROPERTYSET('2x_ZIQSNgY2CeKKWgND0x_',#6,'Pset_ProductRequirements',$,(#249));
#251=IFCPROPERTYSINGLEVALUE('Reference',$,IFCIDENTIFIER('Room 10'),$);
#252=IFCPROPERTYSET('0BnsAwaR4xtPyz9bFPBBhH',#6,'Pset_SpaceCommon',$,(#251));
#253=IFCRELDEFINESBYPROPERTIES('2weX12ww2zX0XGHkICpBoG',#6,$,$,(#245),#248);
#254=IFCRELDEFINESBYPROPERTIES('0sL25WBiZRYJ49KF6GOSiV',#6,$,$,(#245),#250);
#255=IFCRELDEFINESBYPROPERTIES('33__n8DAl9WMl8ltX4M5Mo',#6,$,$,(#245),#252);
#256=IFCAXIS2PLACEMENT3D(#10,$,$);
#257=IFCLOCALPLACEMENT(#28,#256);
#258=IFCCARTESIANPOINT((5.5511151231257827E-016,-2.4424906541753444E-015));
#259=IFCAXIS2PLACEMENT2D(#258,#40);
#260=IFCRECTANGLEPROFILEDEF(.AREA.,$,#259,3.3000000000000003,3.8000000000000114);
#261=IFCCARTESIANPOINT((-7.0684302309518792,1.9728658932774017,0.));
#262=IFCAXIS2PLACEMENT3D(#261,#44,#135);
#263=IFCEXTRUDEDAREASOLID(#260,#262,#44,4.);
#264=IFCSHAPEREPRESENTATION(#15,'Body','SweptSolid',(#263));
#265=IFCPRODUCTDEFINITIONSHAPE($,$,(#264));
#266=IFCSPACE('2VAVo7xAHC8gxIHnduhowT',#6,'11',$,$,#257,#265,'Room',.ELEMENT.,.INTERNAL.,$);
#267=IFCSPACETYPE('2VAVo7xAHC8gxIJnduhowT',#6,'Room 11:358277',$,$,$,$,'358277',$,.NOTDEFINED.);
#268=IFCPROPERTYSINGLEVALUE('Name',$,IFCLABEL('Room'),$);
#269=IFCPROPERTYSET('2u8Z$vYIL4AoBFJxQnzaoI',#6,'Pset_AirSideSystemInformation',$,(#268));
#270=IFCPROPERTYSINGLEVALUE('Name',$,IFCLABEL('Room'),$);
#271=IFCPROPERTYSET('1KGF20xrcqJKthltj7xbP2',#6,'Pset_ProductRequirements',$,(#270));
#272=IFCPROPERTYSINGLEVALUE('Reference',$,IFCIDENTIFIER('Room 11'),$);
#273=IFCPROPERTYSET('2YQ45TOGB5CKefxwAPgqtg',#6,'Pset_SpaceCommon',$,(#272));
#274=IFCRELDEFINESBYPROPERTIES('1McCLBKeNUU4QckX3nbaas',#6,$,$,(#266),#269);
#275=IFCRELDEFINESBYPROPERTIES('1pPCB8QJxevTiTcIYwDx3o',#6,$,$,(#266),#271);
#276=IFCRELDEFINESBYPROPERTIES('0KPZ8MwrLO2qruVajO3cRJ',#6,$,$,(#266),#273);
#277=IFCAXIS2PLACEMENT3D(#10,$,$);
#278=IFCLOCALPLACEMENT(#28,#277);
#279=IFCCARTESIANPOINT((0.,-6.4392935428259079E-015));
#280=IFCAXIS2PLACEMENT2D(#279,#40);
#281=IFCRECTANGLEPROFILEDEF(.AREA.,$,#280,8.3999999999999986,3.8000000000000393);
#282=IFCCARTESIANPOINT((-1.0184302309518807,1.9728658932773919,0.));
#283=IFCAXIS2PLACEMENT3D(#282,#44,#135);
#284=IFCEXTRUDEDAREASOLID(#281,#283,#44,4.);
#285=IFCSHAPEREPRESENTATION(#15,'Body','SweptSolid',(#284));
#286=IFCPRODUCTDEFINITIONSHAPE($,$,(#285));
#287=IFCSPACE('2VAVo7xAHC8gxIHnduhowU',#6,'12',$,$,#278,#286,'Room',.ELEMENT.,.INTERNAL.,$);
#288=IFCSPACETYPE('2VAVo7xAHC8gxIJnduhowU',#6,'Room 12:358278',$,$,$,$,'358278',$,.NOTDEFINED.);
#289=IFCPROPERTYSINGLEVALUE('Name',$,IFCLABEL('Room'),$);
#290=IFCPROPERTYSET('22bR3Si1Ek_KgUnzWO8p3s',#6,'Pset_AirSideSystemInformation',$,(#289));
#291=IFCPROPERTYSINGLEVALUE('Name',$,IFCLABEL('Room'),$);
#292=IFCPROPERTYSET('1AzHNiaBasvgZBvCryRsTx',#6,'Pset_ProductRequirements',$,(#291));
#293=IFCPROPERTYSINGLEVALUE('Reference',$,IFCIDENTIFIER('Room 12'),$);
#294=IFCPROPERTYSET('0oqcxNgW7uni0qF3cBKSMS',#6,'Pset_SpaceCommon',$,(#293));
#295=IFCRELDEFINESBYPROPERTIES('1vbR9AruWvHi61QgwOC_Pw',#6,$,$,(#287),#290);
#296=IFCRELDEFINESBYPROPERTIES('2xsv_WV3SXWgLE_cBTwTd_',#6,$,$,(#287),#292);
#297=IFCRELDEFINESBYPROPERTIES('39ol9BtaaygFpWtZAKCf$v',#6,$,$,(#287),#294);
#298=IFCCARTESIANPOINT((-12.818430230951899,-8.0271341067225475,0.));
#299=IFCAXIS2PLACEMENT3D(#298,#44,#92);
#300=IFCLOCALPLACEMENT(#24,#299);
#301=IFCCARTESIANPOINT((0.,0.));
#302=IFCCARTESIANPOINT((12.09999999999995,0.));
#303=IFCPOLYLINE((#301,#302));
#304=IFCSHAPEREPRESENTATION(#14,'Axis','Curve2D',(#303));
#305=IFCPRODUCTDEFINITIONSHAPE($,$,(#304,#317));
#306=IFCCARTESIANPOINT((6.0499999999999758,-9.5062846483529029E-016));
#307=IFCDIRECTION((-1.,0.));
#308=IFCAXIS2PLACEMENT2D(#306,#307);
#309=IFCRECTANGLEPROFILEDEF(.AREA.,$,#308,12.099999999999952,0.20000000000000001);
#310=IFCAXIS2PLACEMENT3D(#10,$,$);
#311=IFCEXTRUDEDAREASOLID(#309,#310,#44,8.);
#312=IFCCOLOURRGB($,0.50196078431372548,0.50196078431372548,0.50196078431372548);
#313=IFCSURFACESTYLERENDERING(#312,0.,$,$,$,$,IFCNORMALISEDRATIOMEASURE(0.5),IFCSPECULAREXPONENT(64.),.NOTDEFINED.);
#314=IFCSURFACESTYLE('Default Wall',.BOTH.,(#313));
#315=IFCPRESENTATIONSTYLEASSIGNMENT((#314));
#316=IFCSTYLEDITEM(#311,(#315),$);
#317=IFCSHAPEREPRESENTATION(#15,'Body','SweptSolid',(#311));
#318=IFCWALLSTANDARDCASE('2VAVo7xAHC8gxIHnduhpKP',#6,'Basic Wall:Generic - 200mm:355329',$,$,#300,#305,'355329');
#319=IFCMATERIAL('Default Wall');
#320=IFCPRESENTATIONSTYLEASSIGNMENT((#314));
#321=IFCSTYLEDITEM($,(#320),$);
#322=IFCSTYLEDREPRESENTATION(#13,'Style','Material',(#321));
#323=IFCMATERIALDEFINITIONREPRESENTATION($,$,(#322),#319);
#324=IFCMATERIALLAYER(#319,0.20000000000000001,$);
#325=IFCMATERIALLAYERSET((#324),'Basic Wall:Generic - 200mm');
#326=IFCMATERIALLAYERSETUSAGE(#325,.AXIS2.,.NEGATIVE.,0.10000000000000001);
#327=IFCWALLTYPE('3Zu5Bv0LOHrPC10026FoOZ',#6,'Basic Wall:Generic - 200mm',$,$,$,$,'398',$,.STANDARD.);
#328=IFCPROPERTYSINGLEVALUE('Reference',$,IFCIDENTIFIER('Generic - 200mm'),$);
#329=IFCPROPERTYSET('1Nw4K7Edt7FaqYHTnFNxQo',#6,'Pset_QuantityTakeOff',$,(#328));
#330=IFCPROPERTYSINGLEVALUE('Reference',$,IFCLABEL('Generic - 200mm'),$);
#331=IFCPROPERTYSET('1aHB8KRHMEgkbFEg9FaLzx',#6,'Pset_ReinforcementBarPitchOfWall',$,(#330));
#332=IFCPROPERTYSINGLEVALUE('IsExternal',$,IFCBOOLEAN(.T.),$);
#333=IFCPROPERTYSINGLEVALUE('ExtendToStructure',$,IFCBOOLEAN(.F.),$);
#334=IFCPROPERTYSINGLEVALUE('LoadBearing',$,IFCBOOLEAN(.F.),$);
#335=IFCPROPERTYSET('13l0AmaKNm6GeeAakcj3_1',#6,'Pset_WallCommon',$,(#328,#332,#333,#334));
#336=IFCRELDEFINESBYPROPERTIES('3NY9E_K3S1e60ypkB3fkgJ',#6,$,$,(#318),#329);
#337=IFCRELDEFINESBYPROPERTIES('0Ncs_Xuk6RnWkq0TMnCLan',#6,$,$,(#318),#331);
#338=IFCRELDEFINESBYPROPERTIES('3HKINL71$moOjRzpIAcIcL',#6,$,$,(#318),#335);
#339=IFCCARTESIANPOINT((-12.718430230951878,3.9728658932774046,0.));
#340=IFCAXIS2PLACEMENT3D(#339,$,$);
#341=IFCLOCALPLACEMENT(#24,#340);
#342=IFCCARTESIANPOINT((16.100000000000001,0.));
#343=IFCPOLYLINE((#301,#342));
#344=IFCSHAPEREPRESENTATION(#14,'Axis','Curve2D',(#343));
#345=IFCPRODUCTDEFINITIONSHAPE($,$,(#344,#352));
#346=IFCCARTESIANPOINT((8.0499999999999989,0.));
#347=IFCAXIS2PLACEMENT2D(#346,#40);
#348=IFCRECTANGLEPROFILEDEF(.AREA.,$,#347,16.100000000000001,0.20000000000000001);
#349=IFCAXIS2PLACEMENT3D(#10,$,$);
#350=IFCEXTRUDEDAREASOLID(#348,#349,#44,8.);
#351=IFCSTYLEDITEM(#350,(#315),$);
#352=IFCSHAPEREPRESENTATION(#15,'Body','SweptSolid',(#350));
#353=IFCWALLSTANDARDCASE('2VAVo7xAHC8gxIHnduhpK_',#6,'Basic Wall:Generic - 200mm:355366',$,$,#341,#345,'355366');
#354=IFCMATERIALLAYERSETUSAGE(#325,.AXIS2.,.NEGATIVE.,0.10000000000000001);
#355=IFCPROPERTYSET('1Kq$nay7yRvTOH1Vtvrsv1',#6,'Pset_QuantityTakeOff',$,(#328));
#356=IFCPROPERTYSINGLEVALUE('Reference',$,IFCLABEL('Generic - 200mm'),$);
#357=IFCPROPERTYSET('3pqphBZuvT8nJ18xWLpvSM',#6,'Pset_ReinforcementBarPitchOfWall',$,(#356));
#358=IFCPROPERTYSET('3TC4u4VB7KrT1xdLVlxAAt',#6,'Pset_WallCommon',$,(#328,#332,#333,#334));
#359=IFCRELDEFINESBYPROPERTIES('0Fwy3IjIjCn3d4HeZnwFKg',#6,$,$,(#353),#355);
#360=IFCRELDEFINESBYPROPERTIES('3JR0WBD2fGFm6cz7msWMhm',#6,$,$,(#353),#357);
#361=IFCRELDEFINESBYPROPERTIES('2xcJnThVmzyV5JLl9KZuVd',#6,$,$,(#353),#358);
#362=IFCCARTESIANPOINT((3.2815697690481218,3.8728658932774045,0.));
#363=IFCAXIS2PLACEMENT3D(#362,#44,#45);
#364=IFCLOCALPLACEMENT(#24,#363);
#365=IFCCARTESIANPOINT((11.900000000000004,0.));
#366=IFCPOLYLINE((#301,#365));
#367=IFCSHAPEREPRESENTATION(#14,'Axis','Curve2D',(#366));
#368=IFCPRODUCTDEFINITIONSHAPE($,$,(#367,#375));
#369=IFCCARTESIANPOINT((5.9500000000000011,0.));
#370=IFCAXIS2PLACEMENT2D(#369,#307);
#371=IFCRECTANGLEPROFILEDEF(.AREA.,$,#370,11.900000000000002,0.20000000000000001);
#372=IFCAXIS2PLACEMENT3D(#10,$,$);
#373=IFCEXTRUDEDAREASOLID(#371,#372,#44,8.0000000000000018);
#374=IFCSTYLEDITEM(#373,(#315),$);
#375=IFCSHAPEREPRESENTATION(#15,'Body','SweptSolid',(#373));
#376=IFCWALLSTANDARDCASE('2VAVo7xAHC8gxIHnduhpL_',#6,'Basic Wall:Generic - 200mm:355430',$,$,#364,#368,'355430');
#377=IFCMATERIALLAYERSETUSAGE(#325,.AXIS2.,.NEGATIVE.,0.10000000000000001);
#378=IFCPROPERTYSET('392tP2cT29g_xkU0d3K13p',#6,'Pset_QuantityTakeOff',$,(#328));
#379=IFCPROPERTYSINGLEVALUE('Reference',$,IFCLABEL('Generic - 200mm'),$);
#380=IFCPROPERTYSET('3rtxDKQqwuPjACjazMtvOh',#6,'Pset_ReinforcementBarPitchOfWall',$,(#379));
#381=IFCPROPERTYSET('1GU3t9G10O7nNYathgaRhC',#6,'Pset_WallCommon',$,(#328,#332,#333,#334));
#382=IFCRELDEFINESBYPROPERTIES('1Z9rwS1UKgNQ9gtGrmh5$i',#6,$,$,(#376),#378);
#383=IFCRELDEFINESBYPROPERTIES('1YZU6dpeRVLf1G5eFa6Xb$',#6,$,$,(#376),#380);
#384=IFCRELDEFINESBYPROPERTIES('1JCrqKay4wZhAcU7tRKPoe',#6,$,$,(#376),#381);
#385=IFCCARTESIANPOINT((3.181569769048104,-7.9271341067225984,0.));
#386=IFCAXIS2PLACEMENT3D(#385,#44,#135);
#387=IFCLOCALPLACEMENT(#24,#386);
#388=IFCCARTESIANPOINT((15.9,-0.));
#389=IFCPOLYLINE((#301,#388));
#390=IFCSHAPEREPRESENTATION(#14,'Axis','Curve2D',(#389));
#391=IFCPRODUCTDEFINITIONSHAPE($,$,(#390,#398));
#392=IFCCARTESIANPOINT((7.9500000000000002,-3.1918911957973251E-016));
#393=IFCAXIS2PLACEMENT2D(#392,#307);
#394=IFCRECTANGLEPROFILEDEF(.AREA.,$,#393,15.9,0.20000000000000001);
#395=IFCAXIS2PLACEMENT3D(#10,$,$);
#396=IFCEXTRUDEDAREASOLID(#394,#395,#44,8.);
#397=IFCSTYLEDITEM(#396,(#315),$);
#398=IFCSHAPEREPRESENTATION(#15,'Body','SweptSolid',(#396));
#399=IFCWALLSTANDARDCASE('2VAVo7xAHC8gxIHnduhpMl',#6,'Basic Wall:Generic - 200mm:355511',$,$,#387,#391,'355511');
#400=IFCMATERIALLAYERSETUSAGE(#325,.AXIS2.,.NEGATIVE.,0.10000000000000001);
#401=IFCPROPERTYSET('1S6EaPpLZoMbq$4IFN9ASh',#6,'Pset_QuantityTakeOff',$,(#328));
#402=IFCPROPERTYSINGLEVALUE('Reference',$,IFCLABEL('Generic - 200mm'),$);
#403=IFCPROPERTYSET('0QjEr0tw$aMluINK0sNftw',#6,'Pset_ReinforcementBarPitchOfWall',$,(#402));
#404=IFCPROPERTYSET('0RfbyNfdfis4I0PRVWmqOx',#6,'Pset_WallCommon',$,(#328,#332,#333,#334));
#405=IFCRELDEFINESBYPROPERTIES('33RhafofqafVk_0WE_pNy8',#6,$,$,(#399),#401);
#406=IFCRELDEFINESBYPROPERTIES('3TIoAyPlm6xaQbLDtR8LvP',#6,$,$,(#399),#403);
#407=IFCRELDEFINESBYPROPERTIES('2jKwYUeEx9DqR5vR7096wZ',#6,$,$,(#399),#404);
#408=IFCAXIS2PLACEMENT3D(#10,$,$);
#409=IFCLOCALPLACEMENT(#24,#408);
#410=IFCCARTESIANPOINT((1.3322676295501878E-014,8.8817841970012523E-016));
#411=IFCAXIS2PLACEMENT2D(#410,#40);
#412=IFCRECTANGLEPROFILEDEF(.AREA.,$,#411,12.099999999999955,16.300000000000001);
#413=IFCCARTESIANPOINT((-4.7684302309518882,-1.9771341067225841,0.));
#414=IFCDIRECTION((0.,0.,-1.));
#415=IFCAXIS2PLACEMENT3D(#413,#414,#92);
#416=IFCEXTRUDEDAREASOLID(#412,#415,#44,0.14999999999999997);
#417=IFCCOLOURRGB($,0.49803921568627452,0.49803921568627452,0.49803921568627452);
#418=IFCSURFACESTYLERENDERING(#417,0.,$,$,$,$,IFCNORMALISEDRATIOMEASURE(0.5),IFCSPECULAREXPONENT(64.),.NOTDEFINED.);
#419=IFCSURFACESTYLE('Default Floor',.BOTH.,(#418));
#420=IFCPRESENTATIONSTYLEASSIGNMENT((#419));
#421=IFCSTYLEDITEM(#416,(#420),$);
#422=IFCSHAPEREPRESENTATION(#15,'Body','SweptSolid',(#416));
#423=IFCPRODUCTDEFINITIONSHAPE($,$,(#422));
#424=IFCSLAB('2VAVo7xAHC8gxIHnduhpNE',#6,'Floor:Generic 150mm:355542',$,$,#409,#423,'355542',.FLOOR.);
#425=IFCSLABTYPE('3Zu5Bv0LOHrPC10026FoR_',#6,'Floor:Generic 150mm',$,$,$,$,'339',$,.FLOOR.);
#426=IFCMATERIAL('Default Floor');
#427=IFCPRESENTATIONSTYLEASSIGNMENT((#419));
#428=IFCSTYLEDITEM($,(#427),$);
#429=IFCSTYLEDREPRESENTATION(#13,'Style','Material',(#428));
#430=IFCMATERIALDEFINITIONREPRESENTATION($,$,(#429),#426);
#431=IFCMATERIALLAYER(#426,0.14999999999999997,$);
#432=IFCMATERIALLAYERSET((#431),'Floor:Generic 150mm');
#433=IFCMATERIALLAYERSETUSAGE(#432,.AXIS3.,.POSITIVE.,0.);
#434=IFCPROPERTYSINGLEVALUE('Reference',$,IFCIDENTIFIER('Generic 150mm'),$);
#435=IFCPROPERTYSET('2AgiKeXvFx$DWDJ21jpjxX',#6,'Pset_QuantityTakeOff',$,(#434));
#436=IFCPROPERTYSINGLEVALUE('Reference',$,IFCLABEL('Generic 150mm'),$);
#437=IFCPROPERTYSET('2r29rnTkf17t3edAn_V7iD',#6,'Pset_ReinforcementBarPitchOfSlab',$,(#436));
#438=IFCPROPERTYSINGLEVALUE('IsExternal',$,IFCBOOLEAN(.F.),$);
#439=IFCPROPERTYSINGLEVALUE('PitchAngle',$,IFCPLANEANGLEMEASURE(0.),$);
#440=IFCPROPERTYSET('16SoPefxvH8ruiGYy2hCNY',#6,'Pset_SlabCommon',$,(#334,#434,#438,#439));
#441=IFCRELDEFINESBYPROPERTIES('1RHZAfdyLdYFt7vL4F5wQV',#6,$,$,(#424),#435);
#442=IFCRELDEFINESBYPROPERTIES('3fekFWNCbnzgGkVxbOoU3y',#6,$,$,(#424),#437);
#443=IFCRELDEFINESBYPROPERTIES('3avBNcSApeYHeW_rayaU$g',#6,$,$,(#424),#440);
#444=IFCAXIS2PLACEMENT3D(#10,$,$);
#445=IFCLOCALPLACEMENT(#28,#444);
#446=IFCCARTESIANPOINT((1.3322676295501878E-014,8.8817841970012523E-016));
#447=IFCAXIS2PLACEMENT2D(#446,#40);
#448=IFCRECTANGLEPROFILEDEF(.AREA.,$,#447,12.099999999999955,16.300000000000001);
#449=IFCCARTESIANPOINT((-4.7684302309518882,-1.9771341067225841,0.));
#450=IFCAXIS2PLACEMENT3D(#449,#414,#92);
#451=IFCEXTRUDEDAREASOLID(#448,#450,#44,0.15000000000000002);
#452=IFCSTYLEDITEM(#451,(#420),$);
#453=IFCSHAPEREPRESENTATION(#15,'Body','SweptSolid',(#451));
#454=IFCPRODUCTDEFINITIONSHAPE($,$,(#453));
#455=IFCSLAB('2VAVo7xAHC8gxIHnduhpGt',#6,'Floor:Generic 150mm:355631',$,$,#445,#454,'355631',.FLOOR.);
#456=IFCMATERIALLAYERSETUSAGE(#432,.AXIS3.,.POSITIVE.,0.);
#457=IFCPROPERTYSET('3zq7h13bUIPcspYFdVAeys',#6,'Pset_QuantityTakeOff',$,(#434));
#458=IFCPROPERTYSINGLEVALUE('Reference',$,IFCLABEL('Generic 150mm'),$);
#459=IFCPROPERTYSET('0B8AqGATX$sUzSoMs07Xw9',#6,'Pset_ReinforcementBarPitchOfSlab',$,(#458));
#460=IFCPROPERTYSET('2cGkwAGKcfMNNzvSvqhyIH',#6,'Pset_SlabCommon',$,(#334,#434,#438,#439));
#461=IFCRELDEFINESBYPROPERTIES('18UwrdTdduj02GKVsW6tug',#6,$,$,(#455),#457);
#462=IFCRELDEFINESBYPROPERTIES('1IUWLgcUkoNQGi0hyj4_IH',#6,$,$,(#455),#459);
#463=IFCRELDEFINESBYPROPERTIES('2HDf5M9jddQat4CA1w90Zy',#6,$,$,(#455),#460);
#464=IFCAXIS2PLACEMENT3D(#10,$,$);
#465=IFCLOCALPLACEMENT(#32,#464);
#466=IFCCARTESIANPOINT((1.3322676295501878E-014,8.8817841970012523E-016));
#467=IFCAXIS2PLACEMENT2D(#466,#40);
#468=IFCRECTANGLEPROFILEDEF(.AREA.,$,#467,12.099999999999955,16.300000000000001);
#469=IFCCARTESIANPOINT((-4.7684302309518882,-1.9771341067225841,0.));
#470=IFCAXIS2PLACEMENT3D(#469,#414,#92);
#471=IFCEXTRUDEDAREASOLID(#468,#470,#44,0.14999999999999947);
#472=IFCSTYLEDITEM(#471,(#420),$);
#473=IFCSHAPEREPRESENTATION(#15,'Body','SweptSolid',(#471));
#474=IFCPRODUCTDEFINITIONSHAPE($,$,(#473));
#475=IFCSLAB('2VAVo7xAHC8gxIHnduhpGb',#6,'Floor:Generic 150mm:355645',$,$,#465,#474,'355645',.FLOOR.);
#476=IFCMATERIALLAYERSETUSAGE(#432,.AXIS3.,.POSITIVE.,0.);
#477=IFCPROPERTYSET('09trLSXnBL9iCc9ZK3q6f8',#6,'Pset_QuantityTakeOff',$,(#434));
#478=IFCPROPERTYSINGLEVALUE('Reference',$,IFCLABEL('Generic 150mm'),$);
#479=IFCPROPERTYSET('0Vk3lDtR9H1ax8lJJBbfoN',#6,'Pset_ReinforcementBarPitchOfSlab',$,(#478));
#480=IFCPROPERTYSET('1PNBzSnMaRAcmCazjP$s9M',#6,'Pset_SlabCommon',$,(#334,#434,#438,#439));
#481=IFCRELDEFINESBYPROPERTIES('04oQ_A7M82pI9riu2x5pvc',#6,$,$,(#475),#477);
#482=IFCRELDEFINESBYPROPERTIES('2G1C7MQt4FSsfwpwBgtRAx',#6,$,$,(#475),#479);
#483=IFCRELDEFINESBYPROPERTIES('1G76bWazzwYiAw572Wc4jJ',#6,$,$,(#475),#480);
#484=IFCCARTESIANPOINT((-0.53349999999999997,-1.1239999999999988));
#485=IFCCARTESIANPOINT((0.53349999999999975,-1.1239999999999988));
#486=IFCCARTESIANPOINT((0.53349999999999975,1.0860000000000003));
#487=IFCCARTESIANPOINT((0.45749999999999974,1.0860000000000003));
#488=IFCCARTESIANPOINT((0.45749999999999974,-1.0480000000000018));
#489=IFCCARTESIANPOINT((-0.45749999999999963,-1.0480000000000018));
#490=IFCCARTESIANPOINT((-0.45749999999999963,1.0860000000000003));
#491=IFCCARTESIANPOINT((-0.53349999999999997,1.0860000000000003));
#492=IFCPOLYLINE((#484,#485,#486,#487,#488,#489,#490,#491,#484));
#493=IFCARBITRARYCLOSEDPROFILEDEF(.AREA.,'0915 x 2134mm',#492);
#494=IFCCARTESIANPOINT((0.45750000000000057,0.19999999999999912,1.0860000000000003));
#495=IFCDIRECTION((1.,0.,0.));
#496=IFCAXIS2PLACEMENT3D(#494,#92,#495);
#497=IFCEXTRUDEDAREASOLID(#493,#496,#44,0.024999999999994454);
#498=IFCCARTESIANPOINT((-1.1239999999999994,-0.5334999999999972));
#499=IFCCARTESIANPOINT((1.0859999999999994,-0.5334999999999972));
#500=IFCCARTESIANPOINT((1.0859999999999994,-0.45750000000000718));
#501=IFCCARTESIANPOINT((-1.0479999999999998,-0.45750000000000718));
#502=IFCCARTESIANPOINT((-1.0479999999999998,0.45750000000000191));
#503=IFCCARTESIANPOINT((1.0859999999999994,0.45750000000000191));
#504=IFCCARTESIANPOINT((1.0859999999999994,0.53350000000000253));
#505=IFCCARTESIANPOINT((-1.1239999999999994,0.53350000000000253));
#506=IFCPOLYLINE((#498,#499,#500,#501,#502,#503,#504,#505,#498));
#507=IFCARBITRARYCLOSEDPROFILEDEF(.AREA.,'0915 x 2134mm',#506);
#508=IFCCARTESIANPOINT((0.45750000000000318,-0.025000000000006448,1.0859999999999994));
#509=IFCAXIS2PLACEMENT3D(#508,#92,#414);
#510=IFCEXTRUDEDAREASOLID(#507,#509,#44,0.02500000000000557);
#511=IFCCARTESIANPOINT((-3.4694469519536142E-018,0.));
#512=IFCAXIS2PLACEMENT2D(#511,#40);
#513=IFCRECTANGLEPROFILEDEF(.AREA.,'0915 x 2134mm',#512,0.051000000000000004,0.91499999999999981);
#514=IFCCARTESIANPOINT((0.45750000000000035,0.17449999999999918,0.));
#515=IFCAXIS2PLACEMENT3D(#514,#44,#92);
#516=IFCEXTRUDEDAREASOLID(#513,#515,#44,2.133999999999999);
#517=IFCCOLOURRGB($,0.46274509803921571,0.27450980392156865,0.20000000000000001);
#518=IFCSURFACESTYLERENDERING(#517,0.,$,$,$,$,IFCNORMALISEDRATIOMEASURE(0.5),IFCSPECULAREXPONENT(128.),.NOTDEFINED.);
#519=IFCSURFACESTYLE('Door - Frame',.BOTH.,(#518));
#520=IFCPRESENTATIONSTYLEASSIGNMENT((#519));
#521=IFCSTYLEDITEM(#497,(#520),$);
#522=IFCSTYLEDITEM(#510,(#520),$);
#523=IFCCOLOURRGB($,0.82352941176470584,0.62352941176470589,0.37254901960784315);
#524=IFCSURFACESTYLERENDERING(#523,0.,$,$,$,$,IFCNORMALISEDRATIOMEASURE(0.5),IFCSPECULAREXPONENT(128.),.NOTDEFINED.);
#525=IFCSURFACESTYLE('Door - Panel',.BOTH.,(#524));
#526=IFCPRESENTATIONSTYLEASSIGNMENT((#525));
#527=IFCSTYLEDITEM(#516,(#526),$);
#528=IFCSHAPEREPRESENTATION(#15,'Body','SweptSolid',(#497,#510,#516));
#529=IFCAXIS2PLACEMENT3D(#10,$,$);
#530=IFCREPRESENTATIONMAP(#529,#528);
#531=IFCDOORLININGPROPERTIES('2VAVo7xAHC8gxIHnZuhpHj',#6,'M_Single-Flush:0915 x 2134mm:355701',$,$,$,$,$,$,$,$,$,$,$,$);
#532=IFCDOORPANELPROPERTIES('2VAVo7xAHC8gxIHnluhpHj',#6,'M_Single-Flush:0915 x 2134mm:355701:1',$,$,.SWINGING.,$,.NOTDEFINED.,$);
#533=IFCDOORSTYLE('3OzBUxkMaxt6rwu3CKUtDF',#6,'M_Single-Flush:0915 x 2134mm',$,$,(#531,#532,#566),(#530),'49480',.SINGLE_SWING_RIGHT.,.NOTDEFINED.,.F.,.F.);
#534=IFCMATERIAL('Door - Frame');
#535=IFCPRESENTATIONSTYLEASSIGNMENT((#519));
#536=IFCSTYLEDITEM($,(#535),$);
#537=IFCSTYLEDREPRESENTATION(#13,'Style','Material',(#536));
#538=IFCMATERIALDEFINITIONREPRESENTATION($,$,(#537),#534);
#539=IFCMATERIAL('Door - Panel');
#540=IFCPRESENTATIONSTYLEASSIGNMENT((#525));
#541=IFCSTYLEDITEM($,(#540),$);
#542=IFCSTYLEDREPRESENTATION(#13,'Style','Material',(#541));
#543=IFCMATERIALDEFINITIONREPRESENTATION($,$,(#542),#539);
#544=IFCMATERIALLIST((#534,#539));
#545=IFCCARTESIANTRANSFORMATIONOPERATOR3D($,$,#10,1.,$);
#546=IFCMAPPEDITEM(#530,#545);
#547=IFCSHAPEREPRESENTATION(#15,'Body','MappedRepresentation',(#546));
#548=IFCPRODUCTDEFINITIONSHAPE($,$,(#547));
#549=IFCCARTESIANPOINT((-11.61843023095188,3.8728658932774058,0.));
#550=IFCAXIS2PLACEMENT3D(#549,$,$);
#552=IFCDOOR('2VAVo7xAHC8gxIHnduhpHj',#6,'M_Single-Flush:0915 x 2134mm:355701',$,$,#3293,#548,'355701',2.1339999999999995,0.91499999999999992);
#553=IFCPROPERTYSINGLEVALUE('Reference',$,IFCIDENTIFIER('0915 x 2134mm'),$);
#554=IFCPROPERTYSET('3Q1cWu8wXx6zFfr0OJw5U4',#6,'Pset_DoorCommon',$,(#438,#553));
#555=IFCPROPERTYSET('1wDd8ZVQkReidpC9a0TkFA',#6,'Pset_QuantityTakeOff',$,(#553));
#556=IFCRELDEFINESBYPROPERTIES('23t$8JAAV58K$$nDpsvDzF',#6,$,$,(#552),#554);
#557=IFCRELDEFINESBYPROPERTIES('2asfZnsWXWZ_9bCdDfEsgL',#6,$,$,(#552),#555);
#558=IFCSIUNIT(*,.MASSUNIT.,.KILO.,.GRAM.);
#559=IFCDERIVEDUNITELEMENT(#558,1);
#560=IFCSIUNIT(*,.THERMODYNAMICTEMPERATUREUNIT.,$,.KELVIN.);
#561=IFCDERIVEDUNITELEMENT(#560,-1);
#562=IFCSIUNIT(*,.TIMEUNIT.,$,.SECOND.);
#563=IFCDERIVEDUNITELEMENT(#562,-3);
#564=IFCDERIVEDUNIT((#559,#561,#563),.THERMALTRANSMITTANCEUNIT.,$);
#565=IFCPROPERTYSINGLEVALUE('ThermalTransmittance',$,IFCTHERMALTRANSMITTANCEMEASURE(3.7021000000000002),$);
#566=IFCPROPERTYSET('1GOPJms_J2OuzbWv0vO8hP',#6,'Pset_DoorCommon',$,(#565));
#567=IFCCARTESIANPOINT((-8.8184302309518774,3.8728658932774045,0.));
#568=IFCAXIS2PLACEMENT3D(#567,#44,#45);
#569=IFCLOCALPLACEMENT(#24,#568);
#570=IFCCARTESIANPOINT((4.,0.));
#571=IFCPOLYLINE((#301,#570));
#572=IFCSHAPEREPRESENTATION(#14,'Axis','Curve2D',(#571));
#573=IFCPRODUCTDEFINITIONSHAPE($,$,(#572,#580));
#574=IFCCARTESIANPOINT((2.0000000000000004,2.7755575615628914E-017));
#575=IFCAXIS2PLACEMENT2D(#574,#307);
#576=IFCRECTANGLEPROFILEDEF(.AREA.,$,#575,4.0000000000000009,0.20000000000000001);
#577=IFCAXIS2PLACEMENT3D(#10,$,$);
#578=IFCEXTRUDEDAREASOLID(#576,#577,#44,8.0000000000002611);
#579=IFCSTYLEDITEM(#578,(#315),$);
#580=IFCSHAPEREPRESENTATION(#15,'Body','SweptSolid',(#578));
#581=IFCWALLSTANDARDCASE('2VAVo7xAHC8gxIHnduhpSg',#6,'Basic Wall:Generic - 200mm:355890',$,$,#569,#573,'355890');
#582=IFCMATERIALLAYERSETUSAGE(#325,.AXIS2.,.NEGATIVE.,0.10000000000000001);
#583=IFCPROPERTYSET('1DF4f5V3dEXY1uJ983_LGY',#6,'Pset_QuantityTakeOff',$,(#328));
#584=IFCPROPERTYSINGLEVALUE('Reference',$,IFCLABEL('Generic - 200mm'),$);
#585=IFCPROPERTYSET('1WbtmcOjIkcP81CE5HvRNr',#6,'Pset_ReinforcementBarPitchOfWall',$,(#584));
#586=IFCPROPERTYSET('2GW83ZaQ2M_fGYimFa2S2x',#6,'Pset_WallCommon',$,(#328,#332,#333,#334));
#587=IFCRELDEFINESBYPROPERTIES('1ZnH$etQOWINBGn_4vIXbI',#6,$,$,(#581),#583);
#588=IFCRELDEFINESBYPROPERTIES('0Af0hQQ4M8rQN$hQtVMuIz',#6,$,$,(#581),#585);
#589=IFCRELDEFINESBYPROPERTIES('3ZNolQwHLWTAalkrVjSh5Y',#6,$,$,(#581),#586);
#590=IFCCARTESIANPOINT((-8.9184302309518841,-0.02713410672259543,0.));
#591=IFCAXIS2PLACEMENT3D(#590,#44,#135);
#592=IFCLOCALPLACEMENT(#24,#591);
#593=IFCCARTESIANPOINT((3.8000000000000003,-0.));
#594=IFCPOLYLINE((#301,#593));
#595=IFCSHAPEREPRESENTATION(#14,'Axis','Curve2D',(#594));
#596=IFCPRODUCTDEFINITIONSHAPE($,$,(#595,#603));
#597=IFCCARTESIANPOINT((1.9000000000000001,0.));
#598=IFCAXIS2PLACEMENT2D(#597,#40);
#599=IFCRECTANGLEPROFILEDEF(.AREA.,$,#598,3.8000000000000003,0.20000000000000001);
#600=IFCAXIS2PLACEMENT3D(#10,$,$);
#601=IFCEXTRUDEDAREASOLID(#599,#600,#44,8.0000000000002593);
#602=IFCSTYLEDITEM(#601,(#315),$);
#603=IFCSHAPEREPRESENTATION(#15,'Body','SweptSolid',(#601));
#604=IFCWALLSTANDARDCASE('2VAVo7xAHC8gxIHnduhpTq',#6,'Basic Wall:Generic - 200mm:355948',$,$,#592,#596,'355948');
#605=IFCMATERIALLAYERSETUSAGE(#325,.AXIS2.,.NEGATIVE.,0.10000000000000001);
#606=IFCPROPERTYSET('3t2a6zGVfikS$oyQ48zmqp',#6,'Pset_QuantityTakeOff',$,(#328));
#607=IFCPROPERTYSINGLEVALUE('Reference',$,IFCLABEL('Generic - 200mm'),$);
#608=IFCPROPERTYSET('1Mc$lV6ZvTe63XVgrNZkD_',#6,'Pset_ReinforcementBarPitchOfWall',$,(#607));
#609=IFCPROPERTYSET('36VBqhHYT50SJ5t0fqR5XH',#6,'Pset_WallCommon',$,(#328,#332,#333,#334));
#610=IFCRELDEFINESBYPROPERTIES('2bV0baOqcbCr6Ien80O$Fs',#6,$,$,(#604),#606);
#611=IFCRELDEFINESBYPROPERTIES('07opTKdPYS$F$iIbOXaIlG',#6,$,$,(#604),#608);
#612=IFCRELDEFINESBYPROPERTIES('3f7cvSuz9suJp9P2ZhYFUo',#6,$,$,(#604),#609);
#613=IFCCARTESIANPOINT((-8.7184302309518849,-0.027134106722596075,0.));
#614=IFCAXIS2PLACEMENT3D(#613,$,$);
#615=IFCLOCALPLACEMENT(#24,#614);
#616=IFCCARTESIANPOINT((11.900000000000002,0.));
#617=IFCPOLYLINE((#301,#616));
#618=IFCSHAPEREPRESENTATION(#14,'Axis','Curve2D',(#617));
#619=IFCPRODUCTDEFINITIONSHAPE($,$,(#618,#626));
#620=IFCCARTESIANPOINT((5.9500000000000011,0.));
#621=IFCAXIS2PLACEMENT2D(#620,#307);
#622=IFCRECTANGLEPROFILEDEF(.AREA.,$,#621,11.900000000000002,0.20000000000000001);
#623=IFCAXIS2PLACEMENT3D(#10,$,$);
#624=IFCEXTRUDEDAREASOLID(#622,#623,#44,8.0000000000002593);
#625=IFCSTYLEDITEM(#624,(#315),$);
#626=IFCSHAPEREPRESENTATION(#15,'Body','SweptSolid',(#624));
#627=IFCWALLSTANDARDCASE('2VAVo7xAHC8gxIHnduhpPZ',#6,'Basic Wall:Generic - 200mm:356219',$,$,#615,#619,'356219');
#628=IFCMATERIALLAYERSETUSAGE(#325,.AXIS2.,.NEGATIVE.,0.10000000000000001);
#629=IFCPROPERTYSET('16B7hNecixFZ0QaeLTtClP',#6,'Pset_QuantityTakeOff',$,(#328));
#630=IFCPROPERTYSINGLEVALUE('Reference',$,IFCLABEL('Generic - 200mm'),$);
#631=IFCPROPERTYSET('1f7$Th21LBVQ$hPaqBmI6R',#6,'Pset_ReinforcementBarPitchOfWall',$,(#630));
#632=IFCPROPERTYSET('1fopqtRmfRmteO$vhiRz42',#6,'Pset_WallCommon',$,(#328,#332,#333,#334));
#633=IFCRELDEFINESBYPROPERTIES('33kVcylWkETHLwLLRURMQJ',#6,$,$,(#627),#629);
#634=IFCRELDEFINESBYPROPERTIES('1$FJaHBQJqvmQOTf8MbZi6',#6,$,$,(#627),#631);
#635=IFCRELDEFINESBYPROPERTIES('1_G$f$O5FccrTUgRBW51k$',#6,$,$,(#627),#632);
#636=IFCCARTESIANPOINT((-5.3184302309518836,-0.12713410672260678,0.));
#637=IFCAXIS2PLACEMENT3D(#636,#44,#45);
#638=IFCLOCALPLACEMENT(#24,#637);
#639=IFCCARTESIANPOINT((7.6999999999999647,-0.));
#640=IFCPOLYLINE((#301,#639));
#641=IFCSHAPEREPRESENTATION(#14,'Axis','Curve2D',(#640));
#642=IFCPRODUCTDEFINITIONSHAPE($,$,(#641,#649));
#643=IFCCARTESIANPOINT((3.8499999999999823,-1.5959455978986625E-016));
#644=IFCAXIS2PLACEMENT2D(#643,#307);
#645=IFCRECTANGLEPROFILEDEF(.AREA.,$,#644,7.6999999999999647,0.20000000000000001);
#646=IFCAXIS2PLACEMENT3D(#10,$,$);
#647=IFCEXTRUDEDAREASOLID(#645,#646,#44,8.0000000000002593);
#648=IFCSTYLEDITEM(#647,(#315),$);
#649=IFCSHAPEREPRESENTATION(#15,'Body','SweptSolid',(#647));
#650=IFCWALLSTANDARDCASE('2VAVo7xAHC8gxIHnduhpR2',#6,'Basic Wall:Generic - 200mm:356314',$,$,#638,#642,'356314');
#651=IFCMATERIALLAYERSETUSAGE(#325,.AXIS2.,.NEGATIVE.,0.10000000000000001);
#652=IFCPROPERTYSET('0HSLhZAirGnhdtyrvdCb1P',#6,'Pset_QuantityTakeOff',$,(#328));
#653=IFCPROPERTYSINGLEVALUE('Reference',$,IFCLABEL('Generic - 200mm'),$);
#654=IFCPROPERTYSET('2VwxMvDgZHnj3l3q6FaF36',#6,'Pset_ReinforcementBarPitchOfWall',$,(#653));
#655=IFCPROPERTYSET('1BOpQkcsGYbSLPJ891ff_c',#6,'Pset_WallCommon',$,(#328,#332,#333,#334));
#656=IFCRELDEFINESBYPROPERTIES('3lU_6Mp8HXkER5H86XOgiC',#6,$,$,(#650),#652);
#657=IFCRELDEFINESBYPROPERTIES('3gkNvXFJPRoetlVJaAzfGg',#6,$,$,(#650),#654);
#658=IFCRELDEFINESBYPROPERTIES('0Rd4$bR_hsBAFAfGUy54wc',#6,$,$,(#650),#655);
#659=IFCCARTESIANPOINT((-5.2184302309518884,-3.2271341067226018,0.));
#660=IFCAXIS2PLACEMENT3D(#659,$,$);
#661=IFCLOCALPLACEMENT(#24,#660);
#662=IFCCARTESIANPOINT((8.4000000000000004,0.));
#663=IFCPOLYLINE((#301,#662));
#664=IFCSHAPEREPRESENTATION(#14,'Axis','Curve2D',(#663));
#665=IFCPRODUCTDEFINITIONSHAPE($,$,(#664,#672));
#666=IFCCARTESIANPOINT((4.1999999999999993,2.2204460492503131E-016));
#667=IFCAXIS2PLACEMENT2D(#666,#40);
#668=IFCRECTANGLEPROFILEDEF(.AREA.,$,#667,8.3999999999999986,0.20000000000000001);
#669=IFCAXIS2PLACEMENT3D(#10,$,$);
#670=IFCEXTRUDEDAREASOLID(#668,#669,#44,8.0000000000002593);
#671=IFCSTYLEDITEM(#670,(#315),$);
#672=IFCSHAPEREPRESENTATION(#15,'Body','SweptSolid',(#670));
#673=IFCWALLSTANDARDCASE('2VAVo7xAHC8gxIHnduhoco',#6,'Basic Wall:Generic - 200mm:356522',$,$,#661,#665,'356522');
#674=IFCMATERIALLAYERSETUSAGE(#325,.AXIS2.,.NEGATIVE.,0.10000000000000001);
#675=IFCPROPERTYSET('1CssqhhoYbxdIf4lZIbEz3',#6,'Pset_QuantityTakeOff',$,(#328));
#676=IFCPROPERTYSINGLEVALUE('Reference',$,IFCLABEL('Generic - 200mm'),$);
#677=IFCPROPERTYSET('0swnWtNieCLg$H25a2kWao',#6,'Pset_ReinforcementBarPitchOfWall',$,(#676));
#678=IFCPROPERTYSET('0NjQQd8qQOomKvAh3lEc8u',#6,'Pset_WallCommon',$,(#328,#332,#333,#334));
#679=IFCRELDEFINESBYPROPERTIES('3WjDwl6wOom2FWywskvFwm',#6,$,$,(#673),#675);
#680=IFCRELDEFINESBYPROPERTIES('2qnm5QBLqGjwmXTDwcTOR4',#6,$,$,(#673),#677);
#681=IFCRELDEFINESBYPROPERTIES('3jF3mKGiuVu7zKu4iXABX9',#6,$,$,(#673),#678);
#682=IFCCARTESIANPOINT((-5.3184302309518836,0.072865893277392804,0.));
#683=IFCAXIS2PLACEMENT3D(#682,#44,#92);
#684=IFCLOCALPLACEMENT(#24,#683);
#685=IFCCARTESIANPOINT((3.8000000000000118,-0.));
#686=IFCPOLYLINE((#301,#685));
#687=IFCSHAPEREPRESENTATION(#14,'Axis','Curve2D',(#686));
#688=IFCPRODUCTDEFINITIONSHAPE($,$,(#687,#695));
#689=IFCCARTESIANPOINT((1.9000000000000061,-1.5959455978986625E-016));
#690=IFCAXIS2PLACEMENT2D(#689,#40);
#691=IFCRECTANGLEPROFILEDEF(.AREA.,$,#690,3.8000000000000114,0.20000000000000001);
#692=IFCAXIS2PLACEMENT3D(#10,$,$);
#693=IFCEXTRUDEDAREASOLID(#691,#692,#44,8.0000000000002593);
#694=IFCSTYLEDITEM(#693,(#315),$);
#695=IFCSHAPEREPRESENTATION(#15,'Body','SweptSolid',(#693));
#696=IFCWALLSTANDARDCASE('2VAVo7xAHC8gxIHnduhoY8',#6,'Basic Wall:Generic - 200mm:356752',$,$,#684,#688,'356752');
#697=IFCMATERIALLAYERSETUSAGE(#325,.AXIS2.,.NEGATIVE.,0.10000000000000001);
#698=IFCPROPERTYSET('079LYRW1Naz0ZisprVbtK7',#6,'Pset_QuantityTakeOff',$,(#328));
#699=IFCPROPERTYSINGLEVALUE('Reference',$,IFCLABEL('Generic - 200mm'),$);
#700=IFCPROPERTYSET('2vDuZzuC3OavJ9mEnOOvwJ',#6,'Pset_ReinforcementBarPitchOfWall',$,(#699));
#701=IFCPROPERTYSET('06ZmVxcIrX3slPIJ44p9EO',#6,'Pset_WallCommon',$,(#328,#332,#333,#334));
#702=IFCRELDEFINESBYPROPERTIES('3EEdcBh$$5Fa4HJv51_YMg',#6,$,$,(#696),#698);
#703=IFCRELDEFINESBYPROPERTIES('23kiI5bcrQWmgCpUiEOqee',#6,$,$,(#696),#700);
#704=IFCRELDEFINESBYPROPERTIES('0k_WkoYq7MOdfSne71UHCP',#6,$,$,(#696),#701);
#705=IFCMAPPEDITEM(#530,#545);
#706=IFCSHAPEREPRESENTATION(#15,'Body','MappedRepresentation',(#705));
#707=IFCPRODUCTDEFINITIONSHAPE($,$,(#706));
#708=IFCCARTESIANPOINT((-10.360930230951876,0.072865893277408389,0.));
#709=IFCAXIS2PLACEMENT3D(#708,#44,#135);
#711=IFCDOOR('2VAVo7xAHC8gxIHnduhoZB',#6,'M_Single-Flush:0915 x 2134mm:356819',$,$,#3504,#707,'356819',2.1339999999999995,0.91499999999999992);
#712=IFCPROPERTYSET('0OqDmI35byj$5FvRLUTS9u',#6,'Pset_DoorCommon',$,(#438,#553));
#713=IFCPROPERTYSET('3uvY1a97WXFU0RTnucqL$D',#6,'Pset_QuantityTakeOff',$,(#553));
#714=IFCRELDEFINESBYPROPERTIES('0AmvdFgW73JJw0sL8p2xUw',#6,$,$,(#711),#712);
#715=IFCRELDEFINESBYPROPERTIES('2h97b$B7wROEP3gApa81pV',#6,$,$,(#711),#713);
#716=IFCCARTESIANPOINT((-0.53349999999999997,-1.1239999999999988));
#717=IFCCARTESIANPOINT((0.53349999999999975,-1.1239999999999988));
#718=IFCCARTESIANPOINT((0.53349999999999975,1.0860000000000003));
#719=IFCCARTESIANPOINT((0.45749999999999974,1.0860000000000003));
#720=IFCCARTESIANPOINT((0.45749999999999974,-1.0480000000000018));
#721=IFCCARTESIANPOINT((-0.45749999999999963,-1.0480000000000018));
#722=IFCCARTESIANPOINT((-0.45749999999999963,1.0860000000000003));
#723=IFCCARTESIANPOINT((-0.53349999999999997,1.0860000000000003));
#724=IFCPOLYLINE((#716,#717,#718,#719,#720,#721,#722,#723,#716));
#725=IFCARBITRARYCLOSEDPROFILEDEF(.AREA.,'0915 x 2134mm',#724);
#726=IFCCARTESIANPOINT((0.45750000000000024,0.22499999999998818,1.0860000000000003));
#727=IFCAXIS2PLACEMENT3D(#726,#45,#135);
#728=IFCEXTRUDEDAREASOLID(#725,#727,#44,0.024999999999994454);
#729=IFCCARTESIANPOINT((-1.1239999999999994,-0.5334999999999972));
#730=IFCCARTESIANPOINT((1.0859999999999994,-0.5334999999999972));
#731=IFCCARTESIANPOINT((1.0859999999999994,-0.45750000000000718));
#732=IFCCARTESIANPOINT((-1.0479999999999998,-0.45750000000000718));
#733=IFCCARTESIANPOINT((-1.0479999999999998,0.45750000000000191));
#734=IFCCARTESIANPOINT((1.0859999999999994,0.45750000000000191));
#735=IFCCARTESIANPOINT((1.0859999999999994,0.53350000000000253));
#736=IFCCARTESIANPOINT((-1.1239999999999994,0.53350000000000253));
#737=IFCPOLYLINE((#729,#730,#731,#732,#733,#734,#735,#736,#729));
#738=IFCARBITRARYCLOSEDPROFILEDEF(.AREA.,'0915 x 2134mm',#737);
#739=IFCCARTESIANPOINT((0.45749999999999758,-0.,1.0859999999999994));
#740=IFCAXIS2PLACEMENT3D(#739,#45,#414);
#741=IFCEXTRUDEDAREASOLID(#738,#740,#44,0.02500000000000557);
#742=IFCCARTESIANPOINT((0.,3.4694469519536142E-018));
#743=IFCAXIS2PLACEMENT2D(#742,#40);
#744=IFCRECTANGLEPROFILEDEF(.AREA.,'0915 x 2134mm',#743,0.91499999999999981,0.051000000000000004);
#745=IFCCARTESIANPOINT((0.45750000000000035,0.17449999999999369,0.));
#746=IFCAXIS2PLACEMENT3D(#745,$,$);
#747=IFCEXTRUDEDAREASOLID(#744,#746,#44,2.133999999999999);
#748=IFCSTYLEDITEM(#728,(#520),$);
#749=IFCSTYLEDITEM(#741,(#520),$);
#750=IFCSTYLEDITEM(#747,(#526),$);
#751=IFCSHAPEREPRESENTATION(#15,'Body','SweptSolid',(#728,#741,#747));
#752=IFCAXIS2PLACEMENT3D(#10,$,$);
#753=IFCREPRESENTATIONMAP(#752,#751);
#754=IFCDOORLININGPROPERTIES('2VAVo7xAHC8gxIHnZuhoix',#6,'M_Single-Flush:0915 x 2134mm:356899',$,$,$,$,$,$,$,$,$,$,$,$);
#755=IFCDOORPANELPROPERTIES('2VAVo7xAHC8gxIHnluhoix',#6,'M_Single-Flush:0915 x 2134mm:356899:1',$,$,.SWINGING.,$,.NOTDEFINED.,$);
#756=IFCDOORSTYLE('0mE5cM6VyjxJJXYA2xg48I',#6,'M_Single-Flush:0915 x 2134mm',$,$,(#754,#755,#769),(#753),'49480',.SINGLE_SWING_LEFT.,.NOTDEFINED.,.F.,.F.);
#757=IFCMAPPEDITEM(#753,#545);
#758=IFCSHAPEREPRESENTATION(#15,'Body','MappedRepresentation',(#757));
#759=IFCPRODUCTDEFINITIONSHAPE($,$,(#758));
#760=IFCCARTESIANPOINT((-8.9184302309518699,3.6728658932774083,0.));
#761=IFCAXIS2PLACEMENT3D(#760,#44,#45);
#763=IFCDOOR('2VAVo7xAHC8gxIHnduhoix',#6,'M_Single-Flush:0915 x 2134mm:356899',$,$,#3489,#759,'356899',2.1339999999999995,0.91500000000000048);
#764=IFCPROPERTYSET('1jQH1V3a$IO$L76gjusL7y',#6,'Pset_DoorCommon',$,(#438,#553));
#765=IFCPROPERTYSET('3rNPJRDApVd78s3HPYP0A7',#6,'Pset_QuantityTakeOff',$,(#553));
#766=IFCRELDEFINESBYPROPERTIES('1IUTsl4MQCYLRJ5bIR6tk0',#6,$,$,(#763),#764);
#767=IFCRELDEFINESBYPROPERTIES('3UKSA_FeX$teeuUvGB6Pbi',#6,$,$,(#763),#765);
#768=IFCPROPERTYSINGLEVALUE('ThermalTransmittance',$,IFCTHERMALTRANSMITTANCEMEASURE(3.7021000000000002),$);
#769=IFCPROPERTYSET('0j3991KY_xeD3i1eE9aWVA',#6,'Pset_DoorCommon',$,(#768));
#770=IFCMAPPEDITEM(#753,#545);
#771=IFCSHAPEREPRESENTATION(#15,'Body','MappedRepresentation',(#770));
#772=IFCPRODUCTDEFINITIONSHAPE($,$,(#771));
#773=IFCCARTESIANPOINT((-5.4184302309518699,3.6728658932774083,0.));
#774=IFCAXIS2PLACEMENT3D(#773,#44,#45);
#776=IFCDOOR('2VAVo7xAHC8gxIHnduhoj8',#6,'M_Single-Flush:0915 x 2134mm:356944',$,$,#3564,#772,'356944',2.1339999999999995,0.91500000000000048);
#777=IFCPROPERTYSET('3Hhwkfza4nnE5p5jQwL_xC',#6,'Pset_DoorCommon',$,(#438,#553));
#778=IFCPROPERTYSET('0AT6KMwgM2CVfhkdznY4SA',#6,'Pset_QuantityTakeOff',$,(#553));
#779=IFCRELDEFINESBYPROPERTIES('229INor1nI_OjmNangnoCc',#6,$,$,(#776),#777);
#780=IFCRELDEFINESBYPROPERTIES('3SN76VO$kXkbUIQe4GJ0Dp',#6,$,$,(#776),#778);
#781=IFCMAPPEDITEM(#753,#545);
#782=IFCSHAPEREPRESENTATION(#15,'Body','MappedRepresentation',(#781));
#783=IFCPRODUCTDEFINITIONSHAPE($,$,(#782));
#784=IFCCARTESIANPOINT((-5.418430230951877,-0.52713410672261296,0.));
#785=IFCAXIS2PLACEMENT3D(#784,#44,#45);
#787=IFCDOOR('2VAVo7xAHC8gxIHnduhojc',#6,'M_Single-Flush:0915 x 2134mm:356990',$,$,#3519,#783,'356990',2.1339999999999995,0.91500000000000015);
#788=IFCPROPERTYSET('2fcV5o5SXylH0xl_VKJ0Kl',#6,'Pset_DoorCommon',$,(#438,#553));
#789=IFCPROPERTYSET('0idcujeOZ5FMZRBnwXETh6',#6,'Pset_QuantityTakeOff',$,(#553));
#790=IFCRELDEFINESBYPROPERTIES('1vlfjGf_ZqBsr3d53WuiWI',#6,$,$,(#787),#788);
#791=IFCRELDEFINESBYPROPERTIES('2iMzHrSUcrOwZE7F2yXwUQ',#6,$,$,(#787),#789);
#792=IFCMAPPEDITEM(#530,#545);
#793=IFCSHAPEREPRESENTATION(#15,'Body','MappedRepresentation',(#792));
#794=IFCPRODUCTDEFINITIONSHAPE($,$,(#793));
#795=IFCCARTESIANPOINT((-4.103430230951882,-3.1271341067226062,0.));
#796=IFCAXIS2PLACEMENT3D(#795,#44,#135);
#798=IFCDOOR('2VAVo7xAHC8gxIHnduhof0',#6,'M_Single-Flush:0915 x 2134mm:357208',$,$,#3549,#794,'357208',2.1339999999999995,0.91500000000000048);
#799=IFCPROPERTYSET('0jNUALmrlTkEF6IZYWCYde',#6,'Pset_DoorCommon',$,(#438,#553));
#800=IFCPROPERTYSET('379QCHMtAYzJ8_xjEivfdb',#6,'Pset_QuantityTakeOff',$,(#553));
#801=IFCRELDEFINESBYPROPERTIES('2Cwp7OM3XNEMiDRUWqS$6c',#6,$,$,(#798),#799);
#802=IFCRELDEFINESBYPROPERTIES('1zYMstfYQytPMONvLEbO8b',#6,$,$,(#798),#800);
#803=IFCMAPPEDITEM(#530,#545);
#804=IFCSHAPEREPRESENTATION(#15,'Body','MappedRepresentation',(#803));
#805=IFCPRODUCTDEFINITIONSHAPE($,$,(#804));
#806=IFCCARTESIANPOINT((-5.418430230951893,-6.6121341067225723,0.));
#807=IFCAXIS2PLACEMENT3D(#806,#44,#45);
#809=IFCDOOR('2VAVo7xAHC8gxIHnduhogU',#6,'M_Single-Flush:0915 x 2134mm:357254',$,$,#3534,#805,'357254',2.1339999999999995,0.91499999999999992);
#810=IFCPROPERTYSET('1AcrQANhwkwJDOSz4TTD1W',#6,'Pset_DoorCommon',$,(#438,#553));
#811=IFCPROPERTYSET('2KtOIW54Bjgy7EdBiMh5L_',#6,'Pset_QuantityTakeOff',$,(#553));
#812=IFCRELDEFINESBYPROPERTIES('0lpuPHiYUalemi6U6vfpUA',#6,$,$,(#809),#810);
#813=IFCRELDEFINESBYPROPERTIES('0twrKRSI3j9Ndrkf6_2KL5',#6,$,$,(#809),#811);
#814=IFCCARTESIANPOINT((-8.8184302309518774,3.8728658932774045,-0.));
#815=IFCAXIS2PLACEMENT3D(#814,#44,#45);
#816=IFCLOCALPLACEMENT(#28,#815);
#817=IFCCARTESIANPOINT((3.8000000000000007,-0.));
#818=IFCPOLYLINE((#301,#817));
#819=IFCSHAPEREPRESENTATION(#14,'Axis','Curve2D',(#818));
#820=IFCPRODUCTDEFINITIONSHAPE($,$,(#819,#827));
#821=IFCCARTESIANPOINT((1.9000000000000004,-1.3183898417423734E-016));
#822=IFCAXIS2PLACEMENT2D(#821,#307);
#823=IFCRECTANGLEPROFILEDEF(.AREA.,$,#822,3.8000000000000007,0.20000000000000001);
#824=IFCAXIS2PLACEMENT3D(#10,$,$);
#825=IFCEXTRUDEDAREASOLID(#823,#824,#44,4.0000000000000009);
#826=IFCSTYLEDITEM(#825,(#315),$);
#827=IFCSHAPEREPRESENTATION(#15,'Body','SweptSolid',(#825));
#828=IFCWALLSTANDARDCASE('2VAVo7xAHC8gxIHnduhoqt',#6,'Basic Wall:Generic - 200mm:357423',$,$,#816,#820,'357423');
#829=IFCMATERIALLAYERSETUSAGE(#325,.AXIS2.,.NEGATIVE.,0.10000000000000001);
#830=IFCPROPERTYSET('2d9CGW5Kb4O$qnkCa__Shx',#6,'Pset_QuantityTakeOff',$,(#328));
#831=IFCPROPERTYSINGLEVALUE('Reference',$,IFCLABEL('Generic - 200mm'),$);
#832=IFCPROPERTYSET('2Md8eiAftYqn8YISyJqfqB',#6,'Pset_ReinforcementBarPitchOfWall',$,(#831));
#833=IFCPROPERTYSET('23a7VWmF1WqSECbSR9EGhB',#6,'Pset_WallCommon',$,(#328,#332,#333,#334));
#834=IFCRELDEFINESBYPROPERTIES('2PukzhO9n5zT1FdZOfY3LG',#6,$,$,(#828),#830);
#835=IFCRELDEFINESBYPROPERTIES('1hsF4MNfaTfcYk9jjvTR$8',#6,$,$,(#828),#832);
#836=IFCRELDEFINESBYPROPERTIES('1Hs179DFR_PJl3XhW$cATN',#6,$,$,(#828),#833);
#837=IFCCARTESIANPOINT((-8.9184302309518841,-0.02713410672259543,-0.));
#838=IFCAXIS2PLACEMENT3D(#837,#44,#135);
#839=IFCLOCALPLACEMENT(#28,#838);
#840=IFCCARTESIANPOINT((3.8000000000000003,-0.));
#841=IFCPOLYLINE((#301,#840));
#842=IFCSHAPEREPRESENTATION(#14,'Axis','Curve2D',(#841));
#843=IFCPRODUCTDEFINITIONSHAPE($,$,(#842,#850));
#844=IFCCARTESIANPOINT((1.9000000000000001,0.));
#845=IFCAXIS2PLACEMENT2D(#844,#40);
#846=IFCRECTANGLEPROFILEDEF(.AREA.,$,#845,3.8000000000000003,0.20000000000000001);
#847=IFCAXIS2PLACEMENT3D(#10,$,$);
#848=IFCEXTRUDEDAREASOLID(#846,#847,#44,4.0000000000000009);
#849=IFCSTYLEDITEM(#848,(#315),$);
#850=IFCSHAPEREPRESENTATION(#15,'Body','SweptSolid',(#848));
#851=IFCWALLSTANDARDCASE('2VAVo7xAHC8gxIHnduhoqe',#6,'Basic Wall:Generic - 200mm:357424',$,$,#839,#843,'357424');
#852=IFCMATERIALLAYERSETUSAGE(#325,.AXIS2.,.NEGATIVE.,0.10000000000000001);
#853=IFCPROPERTYSET('1ods4gDIDRPmqHscatUDkF',#6,'Pset_QuantityTakeOff',$,(#328));
#854=IFCPROPERTYSINGLEVALUE('Reference',$,IFCLABEL('Generic - 200mm'),$);
#855=IFCPROPERTYSET('2OfxJjy1JltgfcWj4wEMeZ',#6,'Pset_ReinforcementBarPitchOfWall',$,(#854));
#856=IFCPROPERTYSET('164YWWoXvJu_kBuU7IyerN',#6,'Pset_WallCommon',$,(#328,#332,#333,#334));
#857=IFCRELDEFINESBYPROPERTIES('0njUydLAXjN4GsLyrk3nTg',#6,$,$,(#851),#853);
#858=IFCRELDEFINESBYPROPERTIES('2Nj2_8O82gGxr0v9Nnt2s4',#6,$,$,(#851),#855);
#859=IFCRELDEFINESBYPROPERTIES('0aXpHIsrtxncM0WRe$w66k',#6,$,$,(#851),#856);
#860=IFCCARTESIANPOINT((-8.7184302309518849,-0.027134106722596075,-0.));
#861=IFCAXIS2PLACEMENT3D(#860,$,$);
#862=IFCLOCALPLACEMENT(#28,#861);
#863=IFCCARTESIANPOINT((11.900000000000002,0.));
#864=IFCPOLYLINE((#301,#863));
#865=IFCSHAPEREPRESENTATION(#14,'Axis','Curve2D',(#864));
#866=IFCPRODUCTDEFINITIONSHAPE($,$,(#865,#873));
#867=IFCCARTESIANPOINT((5.9500000000000011,0.));
#868=IFCAXIS2PLACEMENT2D(#867,#307);
#869=IFCRECTANGLEPROFILEDEF(.AREA.,$,#868,11.900000000000002,0.20000000000000001);
#870=IFCAXIS2PLACEMENT3D(#10,$,$);
#871=IFCEXTRUDEDAREASOLID(#869,#870,#44,4.0000000000000009);
#872=IFCSTYLEDITEM(#871,(#315),$);
#873=IFCSHAPEREPRESENTATION(#15,'Body','SweptSolid',(#871));
#874=IFCWALLSTANDARDCASE('2VAVo7xAHC8gxIHnduhoqf',#6,'Basic Wall:Generic - 200mm:357425',$,$,#862,#866,'357425');
#875=IFCMATERIALLAYERSETUSAGE(#325,.AXIS2.,.NEGATIVE.,0.10000000000000001);
#876=IFCPROPERTYSET('2w3_yN9J9$EJFzRQ1Gn6vF',#6,'Pset_QuantityTakeOff',$,(#328));
#877=IFCPROPERTYSINGLEVALUE('Reference',$,IFCLABEL('Generic - 200mm'),$);
#878=IFCPROPERTYSET('33ndG24p$HpJ$k4hR81W6u',#6,'Pset_ReinforcementBarPitchOfWall',$,(#877));
#879=IFCPROPERTYSET('3ZwMsxdOuXDwfhNzXBomxY',#6,'Pset_WallCommon',$,(#328,#332,#333,#334));
#880=IFCRELDEFINESBYPROPERTIES('3OPZJwSLwnr3VflTCBSQUq',#6,$,$,(#874),#876);
#881=IFCRELDEFINESBYPROPERTIES('34GwmuAE3o5dxHH1819q0H',#6,$,$,(#874),#878);
#882=IFCRELDEFINESBYPROPERTIES('25k6L6i_EoFBWdxTzm1QID',#6,$,$,(#874),#879);
#883=IFCCARTESIANPOINT((-5.3184302309518836,-0.12713410672260678,-0.));
#884=IFCAXIS2PLACEMENT3D(#883,#44,#45);
#885=IFCLOCALPLACEMENT(#28,#884);
#886=IFCCARTESIANPOINT((7.6999999999999647,-0.));
#887=IFCPOLYLINE((#301,#886));
#888=IFCSHAPEREPRESENTATION(#14,'Axis','Curve2D',(#887));
#889=IFCPRODUCTDEFINITIONSHAPE($,$,(#888,#896));
#890=IFCCARTESIANPOINT((3.8499999999999823,-1.5959455978986625E-016));
#891=IFCAXIS2PLACEMENT2D(#890,#307);
#892=IFCRECTANGLEPROFILEDEF(.AREA.,$,#891,7.6999999999999647,0.20000000000000001);
#893=IFCAXIS2PLACEMENT3D(#10,$,$);
#894=IFCEXTRUDEDAREASOLID(#892,#893,#44,4.0000000000000009);
#895=IFCSTYLEDITEM(#894,(#315),$);
#896=IFCSHAPEREPRESENTATION(#15,'Body','SweptSolid',(#894));
#897=IFCWALLSTANDARDCASE('2VAVo7xAHC8gxIHnduhoqg',#6,'Basic Wall:Generic - 200mm:357426',$,$,#885,#889,'357426');
#898=IFCMATERIALLAYERSETUSAGE(#325,.AXIS2.,.NEGATIVE.,0.10000000000000001);
#899=IFCPROPERTYSET('29QQMsd4cHxN$qJaMusUCF',#6,'Pset_QuantityTakeOff',$,(#328));
#900=IFCPROPERTYSINGLEVALUE('Reference',$,IFCLABEL('Generic - 200mm'),$);
#901=IFCPROPERTYSET('0nkxfVFtO5Q5EEFuyQZvLI',#6,'Pset_ReinforcementBarPitchOfWall',$,(#900));
#902=IFCPROPERTYSET('1tWmhgbYxDGslBM8A0hepx',#6,'Pset_WallCommon',$,(#328,#332,#333,#334));
#903=IFCRELDEFINESBYPROPERTIES('2ujq8CsNdro4e0BlaOubTy',#6,$,$,(#897),#899);
#904=IFCRELDEFINESBYPROPERTIES('2fXoXEZPP6tbXDzum0VeVQ',#6,$,$,(#897),#901);
#905=IFCRELDEFINESBYPROPERTIES('3uUy3syDz_dry1RkGENms$',#6,$,$,(#897),#902);
#906=IFCCARTESIANPOINT((-5.2184302309518884,-3.2271341067226018,-0.));
#907=IFCAXIS2PLACEMENT3D(#906,$,$);
#908=IFCLOCALPLACEMENT(#28,#907);
#909=IFCCARTESIANPOINT((8.4000000000000004,0.));
#910=IFCPOLYLINE((#301,#909));
#911=IFCSHAPEREPRESENTATION(#14,'Axis','Curve2D',(#910));
#912=IFCPRODUCTDEFINITIONSHAPE($,$,(#911,#919));
#913=IFCCARTESIANPOINT((4.1999999999999993,2.2204460492503131E-016));
#914=IFCAXIS2PLACEMENT2D(#913,#40);
#915=IFCRECTANGLEPROFILEDEF(.AREA.,$,#914,8.3999999999999986,0.20000000000000001);
#916=IFCAXIS2PLACEMENT3D(#10,$,$);
#917=IFCEXTRUDEDAREASOLID(#915,#916,#44,4.0000000000000009);
#918=IFCSTYLEDITEM(#917,(#315),$);
#919=IFCSHAPEREPRESENTATION(#15,'Body','SweptSolid',(#917));
#920=IFCWALLSTANDARDCASE('2VAVo7xAHC8gxIHnduhoqh',#6,'Basic Wall:Generic - 200mm:357427',$,$,#908,#912,'357427');
#921=IFCMATERIALLAYERSETUSAGE(#325,.AXIS2.,.NEGATIVE.,0.10000000000000001);
#922=IFCPROPERTYSET('083qE7SEn9aPTSL_5C_qRn',#6,'Pset_QuantityTakeOff',$,(#328));
#923=IFCPROPERTYSINGLEVALUE('Reference',$,IFCLABEL('Generic - 200mm'),$);
#924=IFCPROPERTYSET('3XMEHkF97ASillEWDbyvkT',#6,'Pset_ReinforcementBarPitchOfWall',$,(#923));
#925=IFCPROPERTYSET('2ycTvadVEid$OylyhKRvzJ',#6,'Pset_WallCommon',$,(#328,#332,#333,#334));
#926=IFCRELDEFINESBYPROPERTIES('1CUy1VsvpcVUtRQ4VVTJwC',#6,$,$,(#920),#922);
#927=IFCRELDEFINESBYPROPERTIES('2vNaqRvyPVWqC6DnPHeSe4',#6,$,$,(#920),#924);
#928=IFCRELDEFINESBYPROPERTIES('3ZxeQjSGt_q$rkQ0hYyq4T',#6,$,$,(#920),#925);
#929=IFCCARTESIANPOINT((-5.3184302309518836,0.072865893277392804,-0.));
#930=IFCAXIS2PLACEMENT3D(#929,#44,#92);
#931=IFCLOCALPLACEMENT(#28,#930);
#932=IFCCARTESIANPOINT((3.8000000000000118,-0.));
#933=IFCPOLYLINE((#301,#932));
#934=IFCSHAPEREPRESENTATION(#14,'Axis','Curve2D',(#933));
#935=IFCPRODUCTDEFINITIONSHAPE($,$,(#934,#942));
#936=IFCCARTESIANPOINT((1.9000000000000061,-1.5959455978986625E-016));
#937=IFCAXIS2PLACEMENT2D(#936,#40);
#938=IFCRECTANGLEPROFILEDEF(.AREA.,$,#937,3.8000000000000114,0.20000000000000001);
#939=IFCAXIS2PLACEMENT3D(#10,$,$);
#940=IFCEXTRUDEDAREASOLID(#938,#939,#44,4.0000000000000009);
#941=IFCSTYLEDITEM(#940,(#315),$);
#942=IFCSHAPEREPRESENTATION(#15,'Body','SweptSolid',(#940));
#943=IFCWALLSTANDARDCASE('2VAVo7xAHC8gxIHnduhoqi',#6,'Basic Wall:Generic - 200mm:357428',$,$,#931,#935,'357428');
#944=IFCMATERIALLAYERSETUSAGE(#325,.AXIS2.,.NEGATIVE.,0.10000000000000001);
#945=IFCPROPERTYSET('3P0bIL4llokyLQANiNzyDH',#6,'Pset_QuantityTakeOff',$,(#328));
#946=IFCPROPERTYSINGLEVALUE('Reference',$,IFCLABEL('Generic - 200mm'),$);
#947=IFCPROPERTYSET('2XqGLgPO8KLLblPV2kuzTf',#6,'Pset_ReinforcementBarPitchOfWall',$,(#946));
#948=IFCPROPERTYSET('0htibgpI$7TPfhqFcKqAT4',#6,'Pset_WallCommon',$,(#328,#332,#333,#334));
#949=IFCRELDEFINESBYPROPERTIES('2cW$7pw8i3nPnZmwlr9gWG',#6,$,$,(#943),#945);
#950=IFCRELDEFINESBYPROPERTIES('0ylD6X6qwCwi0RxTDxwY2S',#6,$,$,(#943),#947);
#951=IFCRELDEFINESBYPROPERTIES('0DmpYupJYAdB_54n_$jK$J',#6,$,$,(#943),#948);
#952=IFCMAPPEDITEM(#530,#545);
#953=IFCSHAPEREPRESENTATION(#15,'Body','MappedRepresentation',(#952));
#954=IFCPRODUCTDEFINITIONSHAPE($,$,(#953));
#955=IFCCARTESIANPOINT((-10.360930230951876,0.072865893277408389,0.));
#956=IFCAXIS2PLACEMENT3D(#955,#44,#135);
#958=IFCDOOR('2VAVo7xAHC8gxIHnduhoqj',#6,'M_Single-Flush:0915 x 2134mm:357429',$,$,#3594,#954,'357429',2.1339999999999999,0.91499999999999992);
#959=IFCPROPERTYSET('1QUWD2yzBaO0Z8lhYmplLu',#6,'Pset_DoorCommon',$,(#438,#553));
#960=IFCPROPERTYSET('15dzdAqfivdIfTFt42I5um',#6,'Pset_QuantityTakeOff',$,(#553));
#961=IFCRELDEFINESBYPROPERTIES('0HlNakgH_xCzzsSo0N6Di_',#6,$,$,(#958),#959);
#962=IFCRELDEFINESBYPROPERTIES('3nT$nQzcCKJ8E28xgykiU3',#6,$,$,(#958),#960);
#963=IFCMAPPEDITEM(#753,#545);
#964=IFCSHAPEREPRESENTATION(#15,'Body','MappedRepresentation',(#963));
#965=IFCPRODUCTDEFINITIONSHAPE($,$,(#964));
#966=IFCCARTESIANPOINT((-5.4184302309518699,3.6728658932774083,0.));
#967=IFCAXIS2PLACEMENT3D(#966,#44,#45);
#969=IFCDOOR('2VAVo7xAHC8gxIHnduhoql',#6,'M_Single-Flush:0915 x 2134mm:357431',$,$,#3654,#965,'357431',2.1339999999999999,0.91500000000000048);
#970=IFCPROPERTYSET('2fHb0lc7XOLzDHZ6G$8nmQ',#6,'Pset_DoorCommon',$,(#438,#553));
#971=IFCPROPERTYSET('2awCtLE$Q_rdvPxOIMLQ7$',#6,'Pset_QuantityTakeOff',$,(#553));
#972=IFCRELDEFINESBYPROPERTIES('1qdKazBZhu1HEErg0cmR2e',#6,$,$,(#969),#970);
#973=IFCRELDEFINESBYPROPERTIES('31RZKK6lGNci13x1B4$zXy',#6,$,$,(#969),#971);
#974=IFCMAPPEDITEM(#753,#545);
#975=IFCSHAPEREPRESENTATION(#15,'Body','MappedRepresentation',(#974));
#976=IFCPRODUCTDEFINITIONSHAPE($,$,(#975));
#977=IFCCARTESIANPOINT((-5.418430230951877,-0.52713410672261296,0.));
#978=IFCAXIS2PLACEMENT3D(#977,#44,#45);
#980=IFCDOOR('2VAVo7xAHC8gxIHnduhoqW',#6,'M_Single-Flush:0915 x 2134mm:357432',$,$,#3609,#976,'357432',2.1339999999999999,0.91500000000000015);
#981=IFCPROPERTYSET('2hy4Pjn$0fpXPGuzmojgoP',#6,'Pset_DoorCommon',$,(#438,#553));
#982=IFCPROPERTYSET('3zPO8UtL0KO6an5n$nzDXz',#6,'Pset_QuantityTakeOff',$,(#553));
#983=IFCRELDEFINESBYPROPERTIES('04Mo883l$sBj$9ZLkV88mP',#6,$,$,(#980),#981);
#984=IFCRELDEFINESBYPROPERTIES('1iEb1ktiBZlgDI2UuapgyH',#6,$,$,(#980),#982);
#985=IFCMAPPEDITEM(#530,#545);
#986=IFCSHAPEREPRESENTATION(#15,'Body','MappedRepresentation',(#985));
#987=IFCPRODUCTDEFINITIONSHAPE($,$,(#986));
#988=IFCCARTESIANPOINT((-4.103430230951882,-3.1271341067226062,0.));
#989=IFCAXIS2PLACEMENT3D(#988,#44,#135);
#991=IFCDOOR('2VAVo7xAHC8gxIHnduhoqX',#6,'M_Single-Flush:0915 x 2134mm:357433',$,$,#3639,#987,'357433',2.1339999999999999,0.91500000000000048);
#992=IFCPROPERTYSET('1oqKkKIz31UCANjZjhOrxb',#6,'Pset_DoorCommon',$,(#438,#553));
#993=IFCPROPERTYSET('3$V2BeyzKBNuBrMtr$$iiz',#6,'Pset_QuantityTakeOff',$,(#553));
#994=IFCRELDEFINESBYPROPERTIES('18I7RpfkW4uqkfkoznE5ih',#6,$,$,(#991),#992);
#995=IFCRELDEFINESBYPROPERTIES('2aP3EVqIwI_A0caV00OdBf',#6,$,$,(#991),#993);
#996=IFCMAPPEDITEM(#530,#545);
#997=IFCSHAPEREPRESENTATION(#15,'Body','MappedRepresentation',(#996));
#998=IFCPRODUCTDEFINITIONSHAPE($,$,(#997));
#999=IFCCARTESIANPOINT((-5.418430230951893,-6.6121341067225723,0.));
#1000=IFCAXIS2PLACEMENT3D(#999,#44,#45);
#1002=IFCDOOR('2VAVo7xAHC8gxIHnduhoqY',#6,'M_Single-Flush:0915 x 2134mm:357434',$,$,#3624,#998,'357434',2.1339999999999999,0.91499999999999992);
#1003=IFCPROPERTYSET('1dYjgkDsXjuU2s5OhQ9_81',#6,'Pset_DoorCommon',$,(#438,#553));
#1004=IFCPROPERTYSET('1x9wwW0f_en_rLzqdbNJLQ',#6,'Pset_QuantityTakeOff',$,(#553));
#1005=IFCRELDEFINESBYPROPERTIES('31zsSGuvX9Ycs_Y8Kxiqgv',#6,$,$,(#1002),#1003);
#1006=IFCRELDEFINESBYPROPERTIES('2Ak63aI7d8Z0ExF3Swl3SE',#6,$,$,(#1002),#1004);
#1007=IFCMAPPEDITEM(#753,#545);
#1008=IFCSHAPEREPRESENTATION(#15,'Body','MappedRepresentation',(#1007));
#1009=IFCPRODUCTDEFINITIONSHAPE($,$,(#1008));
#1010=IFCCARTESIANPOINT((-8.9184302309518699,3.7728658932774084,0.));
#1011=IFCAXIS2PLACEMENT3D(#1010,#44,#45);
#1013=IFCDOOR('2VAVo7xAHC8gxIHnduhosV',#6,'M_Single-Flush:0915 x 2134mm:357511',$,$,#3579,#1009,'357511',2.1339999999999999,0.91500000000000048);
#1014=IFCPROPERTYSET('37BXxAm1twaZxeqx8$wYua',#6,'Pset_DoorCommon',$,(#438,#553));
#1015=IFCPROPERTYSET('3motT$z6KyrBZ3uW90Xdl9',#6,'Pset_QuantityTakeOff',$,(#553));
#1016=IFCRELDEFINESBYPROPERTIES('2_TL1ZT5JMalJCncxYWhHa',#6,$,$,(#1013),#1014);
#1017=IFCRELDEFINESBYPROPERTIES('17GF$S5lMDiBb_Xmn6CxvV',#6,$,$,(#1013),#1015);
#1018=IFCCARTESIANPOINT((8.2399365108898337E-018,0.));
#1019=IFCAXIS2PLACEMENT2D(#1018,#40);
#1020=IFCRECTANGLEPROFILEDEF(.AREA.,'0406 x 0610mm',#1019,0.011999999999999997,0.27999999999999731);
#1021=IFCCARTESIANPOINT((0.20300000000000604,0.15899999999999931,0.062999999999985137));
#1022=IFCAXIS2PLACEMENT3D(#1021,#44,#45);
#1023=IFCEXTRUDEDAREASOLID(#1020,#1022,#44,0.48400000000000815);
#1024=IFCCARTESIANPOINT((-0.18400000000000002,-0.2860000000000032));
#1025=IFCCARTESIANPOINT((0.18400000000000002,-0.2860000000000032));
#1026=IFCCARTESIANPOINT((0.18400000000000002,0.28600000000000309));
#1027=IFCCARTESIANPOINT((-0.18400000000000002,0.28600000000000309));
#1028=IFCPOLYLINE((#1024,#1025,#1026,#1027,#1024));
#1029=IFCCARTESIANPOINT((-0.13999999999999974,-0.24200000000000374));
#1030=IFCCARTESIANPOINT((-0.13999999999999974,0.24200000000000441));
#1031=IFCCARTESIANPOINT((0.13999999999999757,0.24200000000000441));
#1032=IFCCARTESIANPOINT((0.13999999999999757,-0.24200000000000374));
#1033=IFCPOLYLINE((#1029,#1030,#1031,#1032,#1029));
#1034=IFCARBITRARYPROFILEDEFWITHVOIDS(.AREA.,'0406 x 0610mm',#1028,(#1033));
#1035=IFCCARTESIANPOINT((0.20300000000000712,0.13699999999997192,0.30499999999998956));
#1036=IFCAXIS2PLACEMENT3D(#1035,#92,#495);
#1037=IFCEXTRUDEDAREASOLID(#1034,#1036,#44,0.044000000000027441);
#1038=IFCCARTESIANPOINT((-0.20299999999999987,-0.30499999999999755));
#1039=IFCCARTESIANPOINT((0.20299999999999987,-0.30499999999999755));
#1040=IFCCARTESIANPOINT((0.20299999999999987,0.30499999999999766));
#1041=IFCCARTESIANPOINT((-0.20299999999999987,0.30499999999999766));
#1042=IFCPOLYLINE((#1038,#1039,#1040,#1041,#1038));
#1043=IFCCARTESIANPOINT((-0.18400000000000136,-0.28599999999998266));
#1044=IFCCARTESIANPOINT((-0.18400000000000136,0.28600000000002362));
#1045=IFCCARTESIANPOINT((0.18399999999999872,0.28600000000002362));
#1046=IFCCARTESIANPOINT((0.18399999999999872,-0.28599999999998266));
#1047=IFCPOLYLINE((#1043,#1044,#1045,#1046,#1043));
#1048=IFCARBITRARYPROFILEDEFWITHVOIDS(.AREA.,'0406 x 0610mm',#1042,(#1047));
#1049=IFCCARTESIANPOINT((0.20300000000000842,0.13699999999997192,0.3050000000000101));
#1050=IFCAXIS2PLACEMENT3D(#1049,#92,#495);
#1051=IFCEXTRUDEDAREASOLID(#1048,#1050,#44,0.063000000000027437);
#1052=IFCCARTESIANPOINT((-0.20300000000000029,-0.304999999999997));
#1053=IFCCARTESIANPOINT((0.20300000000000029,-0.304999999999997));
#1054=IFCCARTESIANPOINT((0.20300000000000029,0.30499999999999711));
#1055=IFCCARTESIANPOINT((-0.20300000000000029,0.30499999999999711));
#1056=IFCPOLYLINE((#1052,#1053,#1054,#1055,#1052));
#1057=IFCCARTESIANPOINT((-0.17100000000000004,-0.27299999999998342));
#1058=IFCCARTESIANPOINT((-0.17100000000000004,0.27300000000002173));
#1059=IFCCARTESIANPOINT((0.17100000000000024,0.27300000000002173));
#1060=IFCCARTESIANPOINT((0.17100000000000024,-0.27299999999998342));
#1061=IFCPOLYLINE((#1057,#1058,#1059,#1060,#1057));
#1062=IFCARBITRARYPROFILEDEFWITHVOIDS(.AREA.,'0406 x 0610mm',#1056,(#1061));
#1063=IFCCARTESIANPOINT((0.20300000000000892,-0.,0.3050000000000096));
#1064=IFCAXIS2PLACEMENT3D(#1063,#92,#495);
#1065=IFCEXTRUDEDAREASOLID(#1062,#1064,#44,0.13699999999997259);
#1066=IFCCOLOURRGB($,0.,0.50196078431372548,0.75294117647058822);
#1067=IFCSURFACESTYLERENDERING(#1066,0.90000000000000002,$,$,$,$,IFCNORMALISEDRATIOMEASURE(0.5),IFCSPECULAREXPONENT(12.),.NOTDEFINED.);
#1068=IFCSURFACESTYLE('Glass',.BOTH.,(#1067));
#1069=IFCPRESENTATIONSTYLEASSIGNMENT((#1068));
#1070=IFCSTYLEDITEM(#1023,(#1069),$);
#1071=IFCCOLOURRGB($,0.8784313725490196,0.69803921568627447,0.49411764705882355);
#1072=IFCSURFACESTYLERENDERING(#1071,0.,$,$,$,$,IFCNORMALISEDRATIOMEASURE(0.5),IFCSPECULAREXPONENT(128.),.NOTDEFINED.);
#1073=IFCSURFACESTYLE('Sash',.BOTH.,(#1072));
#1074=IFCPRESENTATIONSTYLEASSIGNMENT((#1073));
#1075=IFCSTYLEDITEM(#1037,(#1074),$);
#1076=IFCSTYLEDITEM(#1051,(#1074),$);
#1077=IFCSTYLEDITEM(#1065,(#1074),$);
#1078=IFCSHAPEREPRESENTATION(#15,'Body','SweptSolid',(#1023,#1037,#1051,#1065));
#1079=IFCAXIS2PLACEMENT3D(#10,$,$);
#1080=IFCREPRESENTATIONMAP(#1079,#1078);
#1081=IFCWINDOWLININGPROPERTIES('2VAVo7xAHC8gxIHnZuhotK',#6,'M_Fixed:0406 x 0610mm:357580',$,$,$,$,$,$,$,$,$,$);
#1082=IFCWINDOWSTYLE('2IXOrciy1VxpIxDzsFU6HM',#6,'M_Fixed:0406 x 0610mm',$,$,(#1081,#1107),(#1080),'33067',.NOTDEFINED.,.NOTDEFINED.,.F.,.F.);
#1083=IFCMATERIAL('Glass');
#1084=IFCPRESENTATIONSTYLEASSIGNMENT((#1068));
#1085=IFCSTYLEDITEM($,(#1084),$);
#1086=IFCSTYLEDREPRESENTATION(#13,'Style','Material',(#1085));
#1087=IFCMATERIALDEFINITIONREPRESENTATION($,$,(#1086),#1083);
#1088=IFCMATERIAL('Sash');
#1089=IFCPRESENTATIONSTYLEASSIGNMENT((#1073));
#1090=IFCSTYLEDITEM($,(#1089),$);
#1091=IFCSTYLEDREPRESENTATION(#13,'Style','Material',(#1090));
#1092=IFCMATERIALDEFINITIONREPRESENTATION($,$,(#1091),#1088);
#1093=IFCMATERIALLIST((#1083,#1088));
#1094=IFCMAPPEDITEM(#1080,#545);
#1095=IFCSHAPEREPRESENTATION(#15,'Body','MappedRepresentation',(#1094));
#1096=IFCPRODUCTDEFINITIONSHAPE($,$,(#1095));
#1097=IFCCARTESIANPOINT((-7.2714302309518768,3.8728658932774058,0.91500000000000536));
#1098=IFCAXIS2PLACEMENT3D(#1097,$,$);
#1100=IFCWINDOW('2VAVo7xAHC8gxIHnduhotK',#6,'M_Fixed:0406 x 0610mm:357580',$,$,#3308,#1096,'357580',0.60999999999999888,0.40599999999999975);
#1101=IFCPROPERTYSINGLEVALUE('Reference',$,IFCIDENTIFIER('0406 x 0610mm'),$);
#1102=IFCPROPERTYSET('06z9Od1PMyNPGKSLvjUdNm',#6,'Pset_QuantityTakeOff',$,(#1101));
#1103=IFCPROPERTYSET('3zoN6cP92VWdfinfaLxT26',#6,'Pset_WindowCommon',$,(#332,#1101));
#1104=IFCRELDEFINESBYPROPERTIES('3Q0Fm4SeVfxrg2LGZp7LWf',#6,$,$,(#1100),#1102);
#1105=IFCRELDEFINESBYPROPERTIES('3cLXBKR0g_T1WEQvEs8QPm',#6,$,$,(#1100),#1103);
#1106=IFCPROPERTYSINGLEVALUE('ThermalTransmittance',$,IFCTHERMALTRANSMITTANCEMEASURE(3.6886000000000001),$);
#1107=IFCPROPERTYSET('3jZSkO_f_8seh0CLtXyBsS',#6,'Pset_WindowCommon',$,(#1106));
#1108=IFCCARTESIANPOINT((0.53452499999999659,0.21904999999999661,1.337300000000029));
#1109=IFCCARTESIANPOINT((0.51547499999999657,0.21904999999999661,1.337300000000029));
#1110=IFCCARTESIANPOINT((0.51547499999999657,0.1682499999999964,1.337300000000029));
#1111=IFCCARTESIANPOINT((0.53452499999999659,0.16825000000000528,1.337300000000029));
#1112=IFCPOLYLOOP((#1108,#1109,#1110,#1111));
#1113=IFCFACEOUTERBOUND(#1112,.T.);
#1114=IFCFACE((#1113));
#1115=IFCCARTESIANPOINT((0.53452499999999659,0.21904999999999661,0.012699999999999685));
#1116=IFCCARTESIANPOINT((0.53452499999999659,0.1682499999999964,0.012699999999999685));
#1117=IFCCARTESIANPOINT((0.51547499999999657,0.16825000000000445,0.012699999999999685));
#1118=IFCCARTESIANPOINT((0.51547499999999657,0.21904999999999661,0.012699999999999685));
#1119=IFCPOLYLOOP((#1115,#1116,#1117,#1118));
#1120=IFCFACEOUTERBOUND(#1119,.T.);
#1121=IFCFACE((#1120));
#1122=IFCPOLYLOOP((#1109,#1108,#1115,#1118));
#1123=IFCFACEOUTERBOUND(#1122,.T.);
#1124=IFCFACE((#1123));
#1125=IFCCARTESIANPOINT((0.51547499999999657,0.16825000000000445,0.031749999999998467));
#1126=IFCCARTESIANPOINT((0.51547499999999657,0.1682499999999964,1.3182500000000206));
#1127=IFCPOLYLOOP((#1110,#1109,#1118,#1117,#1125,#1126));
#1128=IFCFACEOUTERBOUND(#1127,.T.);
#1129=IFCFACE((#1128));
#1130=IFCCARTESIANPOINT((0.49483749999999987,0.16825000000000445,0.031749999999998467));
#1131=IFCCARTESIANPOINT((0.49483749999999987,0.16825000000000445,1.3182500000000206));
#1132=IFCPOLYLOOP((#1126,#1125,#1130,#1131));
#1133=IFCFACEOUTERBOUND(#1132,.T.);
#1134=IFCFACE((#1133));
#1135=IFCCARTESIANPOINT((0.49483749999999987,0.10475000000000025,0.031749999999998467));
#1136=IFCCARTESIANPOINT((0.49483749999999987,0.10475000000000025,1.3182500000000206));
#1137=IFCPOLYLOOP((#1131,#1130,#1135,#1136));
#1138=IFCFACEOUTERBOUND(#1137,.T.);
#1139=IFCFACE((#1138));
#1140=IFCCARTESIANPOINT((0.55516249999999989,0.10475000000000025,0.031749999999998467));
#1141=IFCCARTESIANPOINT((0.55516249999999989,0.10475000000000025,1.3182500000000206));
#1142=IFCPOLYLOOP((#1136,#1135,#1140,#1141));
#1143=IFCFACEOUTERBOUND(#1142,.T.);
#1144=IFCFACE((#1143));
#1145=IFCCARTESIANPOINT((0.55516249999999989,0.16825000000000528,0.031749999999998467));
#1146=IFCCARTESIANPOINT((0.55516249999999989,0.16825000000000528,1.3182500000000206));
#1147=IFCPOLYLOOP((#1141,#1140,#1145,#1146));
#1148=IFCFACEOUTERBOUND(#1147,.T.);
#1149=IFCFACE((#1148));
#1150=IFCCARTESIANPOINT((0.53452499999999659,0.16825000000000528,0.031749999999998467));
#1151=IFCCARTESIANPOINT((0.53452499999999659,0.16825000000000528,1.3182500000000206));
#1152=IFCPOLYLOOP((#1146,#1145,#1150,#1151));
#1153=IFCFACEOUTERBOUND(#1152,.T.);
#1154=IFCFACE((#1153));
#1155=IFCPOLYLOOP((#1108,#1111,#1151,#1150,#1116,#1115));
#1156=IFCFACEOUTERBOUND(#1155,.T.);
#1157=IFCFACE((#1156));
#1158=IFCPOLYLOOP((#1150,#1125,#1117,#1116));
#1159=IFCFACEOUTERBOUND(#1158,.T.);
#1160=IFCFACE((#1159));
#1161=IFCPOLYLOOP((#1125,#1150,#1145,#1140,#1135,#1130));
#1162=IFCFACEOUTERBOUND(#1161,.T.);
#1163=IFCFACE((#1162));
#1164=IFCPOLYLOOP((#1151,#1126,#1131,#1136,#1141,#1146));
#1165=IFCFACEOUTERBOUND(#1164,.T.);
#1166=IFCFACE((#1165));
#1167=IFCPOLYLOOP((#1126,#1151,#1111,#1110));
#1168=IFCFACEOUTERBOUND(#1167,.T.);
#1169=IFCFACE((#1168));
#1170=IFCCARTESIANPOINT((0.45832499999999582,0.19999999999999998,1.280150000000039));
#1171=IFCCARTESIANPOINT((0.06984999999994182,0.19999999999999998,1.280150000000039));
#1172=IFCCARTESIANPOINT((0.06984999999994182,0.19365000000005672,1.280150000000039));
#1173=IFCCARTESIANPOINT((0.45832499999999582,0.19365000000005672,1.280150000000039));
#1174=IFCPOLYLOOP((#1170,#1171,#1172,#1173));
#1175=IFCFACEOUTERBOUND(#1174,.T.);
#1176=IFCFACE((#1175));
#1177=IFCCARTESIANPOINT((0.45832499999999582,0.19999999999999998,0.069849999999998469));
#1178=IFCCARTESIANPOINT((0.06984999999994182,0.19999999999999998,0.069849999999998469));
#1179=IFCPOLYLOOP((#1171,#1170,#1177,#1178));
#1180=IFCFACEOUTERBOUND(#1179,.T.);
#1181=IFCFACE((#1180));
#1182=IFCCARTESIANPOINT((0.06984999999994182,0.19365000000005672,0.069849999999998469));
#1183=IFCPOLYLOOP((#1172,#1171,#1178,#1182));
#1184=IFCFACEOUTERBOUND(#1183,.T.);
#1185=IFCFACE((#1184));
#1186=IFCCARTESIANPOINT((0.45832499999999582,0.19365000000005672,0.069849999999998469));
#1187=IFCPOLYLOOP((#1173,#1172,#1182,#1186));
#1188=IFCFACEOUTERBOUND(#1187,.T.);
#1189=IFCFACE((#1188));
#1190=IFCPOLYLOOP((#1170,#1173,#1186,#1177));
#1191=IFCFACEOUTERBOUND(#1190,.T.);
#1192=IFCFACE((#1191));
#1193=IFCPOLYLOOP((#1177,#1186,#1182,#1178));
#1194=IFCFACEOUTERBOUND(#1193,.T.);
#1195=IFCFACE((#1194));
#1196=IFCCARTESIANPOINT((0.06984999999994182,0.18094999999999731,0.069849999999998469));
#1197=IFCCARTESIANPOINT((0.06984999999994182,0.18730000000004993,0.069849999999998469));
#1198=IFCCARTESIANPOINT((0.45832499999999582,0.18730000000004993,0.069849999999998469));
#1199=IFCCARTESIANPOINT((0.45832499999999582,0.18094999999999731,0.069849999999998469));
#1200=IFCPOLYLOOP((#1196,#1197,#1198,#1199));
#1201=IFCFACEOUTERBOUND(#1200,.T.);
#1202=IFCFACE((#1201));
#1203=IFCCARTESIANPOINT((0.45832499999999582,0.18094999999999731,1.280150000000039));
#1204=IFCCARTESIANPOINT((0.06984999999994182,0.18094999999999731,1.280150000000039));
#1205=IFCPOLYLOOP((#1203,#1204,#1196,#1199));
#1206=IFCFACEOUTERBOUND(#1205,.T.);
#1207=IFCFACE((#1206));
#1208=IFCCARTESIANPOINT((0.45832499999999582,0.18730000000004993,1.280150000000039));
#1209=IFCPOLYLOOP((#1208,#1203,#1199,#1198));
#1210=IFCFACEOUTERBOUND(#1209,.T.);
#1211=IFCFACE((#1210));
#1212=IFCCARTESIANPOINT((0.06984999999994182,0.18730000000004993,1.280150000000039));
#1213=IFCPOLYLOOP((#1212,#1208,#1198,#1197));
#1214=IFCFACEOUTERBOUND(#1213,.T.);
#1215=IFCFACE((#1214));
#1216=IFCPOLYLOOP((#1204,#1212,#1197,#1196));
#1217=IFCFACEOUTERBOUND(#1216,.T.);
#1218=IFCFACE((#1217));
#1219=IFCPOLYLOOP((#1204,#1203,#1208,#1212));
#1220=IFCFACEOUTERBOUND(#1219,.T.);
#1221=IFCFACE((#1220));
#1222=IFCCARTESIANPOINT((0.980149999999955,0.19999999999999998,1.280150000000039));
#1223=IFCCARTESIANPOINT((0.59167499999999607,0.19999999999999998,1.280150000000039));
#1224=IFCCARTESIANPOINT((0.59167499999999607,0.19365000000016586,1.280150000000039));
#1225=IFCCARTESIANPOINT((0.980149999999955,0.19365000000016586,1.280150000000039));
#1226=IFCPOLYLOOP((#1222,#1223,#1224,#1225));
#1227=IFCFACEOUTERBOUND(#1226,.T.);
#1228=IFCFACE((#1227));
#1229=IFCCARTESIANPOINT((0.980149999999955,0.19999999999999998,0.069849999999998469));
#1230=IFCCARTESIANPOINT((0.59167499999999607,0.19999999999999998,0.069849999999998469));
#1231=IFCPOLYLOOP((#1223,#1222,#1229,#1230));
#1232=IFCFACEOUTERBOUND(#1231,.T.);
#1233=IFCFACE((#1232));
#1234=IFCCARTESIANPOINT((0.59167499999999607,0.19365000000016586,0.069849999999998469));
#1235=IFCPOLYLOOP((#1224,#1223,#1230,#1234));
#1236=IFCFACEOUTERBOUND(#1235,.T.);
#1237=IFCFACE((#1236));
#1238=IFCCARTESIANPOINT((0.980149999999955,0.19365000000016586,0.069849999999998469));
#1239=IFCPOLYLOOP((#1225,#1224,#1234,#1238));
#1240=IFCFACEOUTERBOUND(#1239,.T.);
#1241=IFCFACE((#1240));
#1242=IFCPOLYLOOP((#1222,#1225,#1238,#1229));
#1243=IFCFACEOUTERBOUND(#1242,.T.);
#1244=IFCFACE((#1243));
#1245=IFCPOLYLOOP((#1229,#1238,#1234,#1230));
#1246=IFCFACEOUTERBOUND(#1245,.T.);
#1247=IFCFACE((#1246));
#1248=IFCCARTESIANPOINT((0.59167499999999629,0.18094999999999731,0.069849999999998469));
#1249=IFCCARTESIANPOINT((0.59167499999999629,0.1873000000001516,0.069849999999998469));
#1250=IFCCARTESIANPOINT((0.980149999999955,0.1873000000001516,0.069849999999998469));
#1251=IFCCARTESIANPOINT((0.980149999999955,0.18094999999999731,0.069849999999998469));
#1252=IFCPOLYLOOP((#1248,#1249,#1250,#1251));
#1253=IFCFACEOUTERBOUND(#1252,.T.);
#1254=IFCFACE((#1253));
#1255=IFCCARTESIANPOINT((0.980149999999955,0.18094999999999731,1.280150000000039));
#1256=IFCCARTESIANPOINT((0.59167499999999629,0.18094999999999731,1.280150000000039));
#1257=IFCPOLYLOOP((#1255,#1256,#1248,#1251));
#1258=IFCFACEOUTERBOUND(#1257,.T.);
#1259=IFCFACE((#1258));
#1260=IFCCARTESIANPOINT((0.980149999999955,0.1873000000001516,1.280150000000039));
#1261=IFCPOLYLOOP((#1260,#1255,#1251,#1250));
#1262=IFCFACEOUTERBOUND(#1261,.T.);
#1263=IFCFACE((#1262));
#1264=IFCCARTESIANPOINT((0.59167499999999629,0.1873000000001516,1.280150000000039));
#1265=IFCPOLYLOOP((#1264,#1260,#1250,#1249));
#1266=IFCFACEOUTERBOUND(#1265,.T.);
#1267=IFCFACE((#1266));
#1268=IFCPOLYLOOP((#1256,#1264,#1249,#1248));
#1269=IFCFACEOUTERBOUND(#1268,.T.);
#1270=IFCFACE((#1269));
#1271=IFCPOLYLOOP((#1256,#1255,#1260,#1264));
#1272=IFCFACEOUTERBOUND(#1271,.T.);
#1273=IFCFACE((#1272));
#1274=IFCCARTESIANPOINT((0.51547499999999535,0.16824999999999668,1.3373000000000315));
#1275=IFCCARTESIANPOINT((0.51547499999999546,0.21269999999999648,1.3373000000000315));
#1276=IFCCARTESIANPOINT((0.012699999999941751,0.21269999999999811,1.3373000000000315));
#1277=IFCCARTESIANPOINT((0.012699999999941548,0.16824999999999835,1.3373000000000315));
#1278=IFCPOLYLOOP((#1274,#1275,#1276,#1277));
#1279=IFCFACEOUTERBOUND(#1278,.T.);
#1280=IFCFACE((#1279));
#1281=IFCCARTESIANPOINT((0.45832499999999604,0.2126999999999967,1.2801500000000317));
#1282=IFCCARTESIANPOINT((0.4583249999999956,0.16824999999999687,1.2801500000000317));
#1283=IFCCARTESIANPOINT((0.069849999999941209,0.16824999999999812,1.2801500000000317));
#1284=IFCCARTESIANPOINT((0.069849999999941348,0.21269999999999795,1.2801500000000317));
#1285=IFCPOLYLOOP((#1281,#1282,#1283,#1284));
#1286=IFCFACEOUTERBOUND(#1285,.T.);
#1287=IFCFACE((#1286));
#1288=IFCCARTESIANPOINT((0.012699999999941751,0.21269999999999814,0.012700000000006317));
#1289=IFCCARTESIANPOINT((0.012699999999941616,0.16824999999999835,0.012700000000006317));
#1290=IFCPOLYLOOP((#1277,#1276,#1288,#1289));
#1291=IFCFACEOUTERBOUND(#1290,.T.);
#1292=IFCFACE((#1291));
#1293=IFCCARTESIANPOINT((0.06984999999994114,0.16824999999999812,0.069850000000005907));
#1294=IFCCARTESIANPOINT((0.069849999999941279,0.21269999999999795,0.069850000000005907));
#1295=IFCPOLYLOOP((#1284,#1283,#1293,#1294));
#1296=IFCFACEOUTERBOUND(#1295,.T.);
#1297=IFCFACE((#1296));
#1298=IFCCARTESIANPOINT((0.51547499999999546,0.21269999999999653,0.012700000000006317));
#1299=IFCCARTESIANPOINT((0.51547499999999524,0.16824999999999668,0.012700000000006317));
#1300=IFCPOLYLOOP((#1289,#1288,#1298,#1299));
#1301=IFCFACEOUTERBOUND(#1300,.T.);
#1302=IFCFACE((#1301));
#1303=IFCCARTESIANPOINT((0.45832499999999571,0.16824999999999687,0.069850000000005907));
#1304=IFCCARTESIANPOINT((0.45832499999999576,0.2126999999999967,0.069850000000005907));
#1305=IFCPOLYLOOP((#1294,#1293,#1303,#1304));
#1306=IFCFACEOUTERBOUND(#1305,.T.);
#1307=IFCFACE((#1306));
#1308=IFCPOLYLOOP((#1284,#1294,#1304,#1281));
#1309=IFCFACEBOUND(#1308,.T.);
#1310=IFCPOLYLOOP((#1275,#1298,#1288,#1276));
#1311=IFCFACEOUTERBOUND(#1310,.T.);
#1312=IFCFACE((#1309,#1311));
#1313=IFCPOLYLOOP((#1299,#1298,#1275,#1274));
#1314=IFCFACEOUTERBOUND(#1313,.T.);
#1315=IFCFACE((#1314));
#1316=IFCPOLYLOOP((#1277,#1289,#1299,#1274));
#1317=IFCFACEOUTERBOUND(#1316,.T.);
#1318=IFCPOLYLOOP((#1282,#1303,#1293,#1283));
#1319=IFCFACEBOUND(#1318,.T.);
#1320=IFCFACE((#1317,#1319));
#1321=IFCPOLYLOOP((#1304,#1303,#1282,#1281));
#1322=IFCFACEOUTERBOUND(#1321,.T.);
#1323=IFCFACE((#1322));
#1324=IFCCARTESIANPOINT((0.980149999999954,0.16824999999999535,0.069850000000006587));
#1325=IFCCARTESIANPOINT((0.98014999999995411,0.21269999999999517,0.069850000000006587));
#1326=IFCCARTESIANPOINT((0.59167499999999629,0.21269999999999639,0.069850000000006587));
#1327=IFCCARTESIANPOINT((0.59167499999999607,0.1682499999999966,0.069850000000006587));
#1328=IFCPOLYLOOP((#1324,#1325,#1326,#1327));
#1329=IFCFACEOUTERBOUND(#1328,.T.);
#1330=IFCFACE((#1329));
#1331=IFCCARTESIANPOINT((1.0372999999999546,0.212699999999995,0.012700000000006317));
#1332=IFCCARTESIANPOINT((1.0372999999999541,0.16824999999999518,0.012700000000006317));
#1333=IFCCARTESIANPOINT((0.53452499999999581,0.16824999999999682,0.012700000000006317));
#1334=IFCCARTESIANPOINT((0.53452499999999603,0.21269999999999645,0.012700000000006317));
#1335=IFCPOLYLOOP((#1331,#1332,#1333,#1334));
#1336=IFCFACEOUTERBOUND(#1335,.T.);
#1337=IFCFACE((#1336));
#1338=IFCCARTESIANPOINT((0.59167499999999629,0.21269999999999639,1.2801500000000312));
#1339=IFCCARTESIANPOINT((0.59167499999999607,0.1682499999999966,1.2801500000000312));
#1340=IFCPOLYLOOP((#1327,#1326,#1338,#1339));
#1341=IFCFACEOUTERBOUND(#1340,.T.);
#1342=IFCFACE((#1341));
#1343=IFCCARTESIANPOINT((0.53452499999999581,0.16824999999999676,1.3373000000000315));
#1344=IFCCARTESIANPOINT((0.53452499999999603,0.21269999999999645,1.3373000000000315));
#1345=IFCPOLYLOOP((#1334,#1333,#1343,#1344));
#1346=IFCFACEOUTERBOUND(#1345,.T.);
#1347=IFCFACE((#1346));
#1348=IFCCARTESIANPOINT((0.98014999999995422,0.21269999999999517,1.2801500000000312));
#1349=IFCCARTESIANPOINT((0.98014999999995434,0.16824999999999532,1.2801500000000312));
#1350=IFCPOLYLOOP((#1339,#1338,#1348,#1349));
#1351=IFCFACEOUTERBOUND(#1350,.T.);
#1352=IFCFACE((#1351));
#1353=IFCCARTESIANPOINT((1.0372999999999546,0.16824999999999515,1.3373000000000315));
#1354=IFCCARTESIANPOINT((1.0372999999999544,0.21269999999999498,1.3373000000000315));
#1355=IFCPOLYLOOP((#1344,#1343,#1353,#1354));
#1356=IFCFACEOUTERBOUND(#1355,.T.);
#1357=IFCFACE((#1356));
#1358=IFCPOLYLOOP((#1349,#1348,#1325,#1324));
#1359=IFCFACEOUTERBOUND(#1358,.T.);
#1360=IFCFACE((#1359));
#1361=IFCPOLYLOOP((#1327,#1339,#1349,#1324));
#1362=IFCFACEBOUND(#1361,.T.);
#1363=IFCPOLYLOOP((#1332,#1353,#1343,#1333));
#1364=IFCFACEOUTERBOUND(#1363,.T.);
#1365=IFCFACE((#1362,#1364));
#1366=IFCPOLYLOOP((#1354,#1353,#1332,#1331));
#1367=IFCFACEOUTERBOUND(#1366,.T.);
#1368=IFCFACE((#1367));
#1369=IFCPOLYLOOP((#1334,#1344,#1354,#1331));
#1370=IFCFACEOUTERBOUND(#1369,.T.);
#1371=IFCPOLYLOOP((#1325,#1348,#1338,#1326));
#1372=IFCFACEBOUND(#1371,.T.);
#1373=IFCFACE((#1370,#1372));
#1374=IFCCARTESIANPOINT((0.,0.,1.3500000000000023));
#1375=IFCCARTESIANPOINT((1.0499999999999994,0.,0.));
#1376=IFCCARTESIANPOINT((1.0499999999999994,0.,1.3500000000000023));
#1377=IFCCARTESIANPOINT((1.0309500000000014,0.,1.330950000000001));
#1378=IFCCARTESIANPOINT((1.0309500000000014,0.,0.019049999999998377));
#1379=IFCCARTESIANPOINT((0.019049999999999595,0.,0.019049999999998377));
#1380=IFCCARTESIANPOINT((0.019049999999999661,0.,1.330950000000001));
#1381=IFCPOLYLOOP((#1374,#10,#1375,#1376));
#1382=IFCFACEOUTERBOUND(#1381,.T.);
#1383=IFCPOLYLOOP((#1377,#1378,#1379,#1380));
#1384=IFCFACEBOUND(#1383,.T.);
#1385=IFCFACE((#1382,#1384));
#1386=IFCCARTESIANPOINT((0.,0.10475000000000002,1.3500000000000023));
#1387=IFCCARTESIANPOINT((1.0499999999999994,0.10475000000000002,1.3500000000000023));
#1388=IFCCARTESIANPOINT((1.0499999999999994,0.10475000000000002,0.));
#1389=IFCCARTESIANPOINT((0.,0.10475000000000002,0.));
#1390=IFCCARTESIANPOINT((1.0309500000000014,0.10475000000000002,1.330950000000001));
#1391=IFCCARTESIANPOINT((0.019049999999999661,0.10475000000000002,1.330950000000001));
#1392=IFCCARTESIANPOINT((0.019049999999999595,0.10475000000000002,0.019049999999998377));
#1393=IFCCARTESIANPOINT((1.0309500000000014,0.10475000000000002,0.019049999999998377));
#1394=IFCPOLYLOOP((#1386,#1387,#1388,#1389));
#1395=IFCFACEOUTERBOUND(#1394,.T.);
#1396=IFCPOLYLOOP((#1390,#1391,#1392,#1393));
#1397=IFCFACEBOUND(#1396,.T.);
#1398=IFCFACE((#1395,#1397));
#1399=IFCPOLYLOOP((#10,#1374,#1386,#1389));
#1400=IFCFACEOUTERBOUND(#1399,.T.);
#1401=IFCFACE((#1400));
#1402=IFCPOLYLOOP((#1375,#10,#1389,#1388));
#1403=IFCFACEOUTERBOUND(#1402,.T.);
#1404=IFCFACE((#1403));
#1405=IFCPOLYLOOP((#1376,#1375,#1388,#1387));
#1406=IFCFACEOUTERBOUND(#1405,.T.);
#1407=IFCFACE((#1406));
#1408=IFCPOLYLOOP((#1374,#1376,#1387,#1386));
#1409=IFCFACEOUTERBOUND(#1408,.T.);
#1410=IFCFACE((#1409));
#1411=IFCPOLYLOOP((#1378,#1377,#1390,#1393));
#1412=IFCFACEOUTERBOUND(#1411,.T.);
#1413=IFCFACE((#1412));
#1414=IFCPOLYLOOP((#1379,#1378,#1393,#1392));
#1415=IFCFACEOUTERBOUND(#1414,.T.);
#1416=IFCFACE((#1415));
#1417=IFCPOLYLOOP((#1380,#1379,#1392,#1391));
#1418=IFCFACEOUTERBOUND(#1417,.T.);
#1419=IFCFACE((#1418));
#1420=IFCPOLYLOOP((#1377,#1380,#1391,#1390));
#1421=IFCFACEOUTERBOUND(#1420,.T.);
#1422=IFCFACE((#1421));
#1423=IFCCARTESIANPOINT((1.0182500000000008,0.16824999999999479,1.3182500000000035));
#1424=IFCCARTESIANPOINT((1.0182500000000008,0.10474999999999493,1.3182500000000035));
#1425=IFCCARTESIANPOINT((0.031749999999998738,0.10474999999999812,1.3182500000000035));
#1426=IFCCARTESIANPOINT((0.031749999999998807,0.16824999999999782,1.3182500000000035));
#1427=IFCPOLYLOOP((#1423,#1424,#1425,#1426));
#1428=IFCFACEOUTERBOUND(#1427,.T.);
#1429=IFCFACE((#1428));
#1430=IFCCARTESIANPOINT((1.0373000000000008,0.21904999999999361,1.3373000000000033));
#1431=IFCCARTESIANPOINT((1.0373000000000006,0.16824999999999471,1.3373000000000033));
#1432=IFCCARTESIANPOINT((0.01269999999999928,0.16824999999999804,1.3373000000000033));
#1433=IFCCARTESIANPOINT((0.01269999999999928,0.21904999999999636,1.3373000000000033));
#1434=IFCPOLYLOOP((#1430,#1431,#1432,#1433));
#1435=IFCFACEOUTERBOUND(#1434,.T.);
#1436=IFCFACE((#1435));
#1437=IFCCARTESIANPOINT((1.05,0.10474999999999486,1.350000000000003));
#1438=IFCCARTESIANPOINT((1.0500000000000007,0.21904999999999358,1.350000000000003));
#1439=IFCCARTESIANPOINT((-0.,0.21904999999999697,1.350000000000003));
#1440=IFCCARTESIANPOINT((-0.,0.10474999999999818,1.350000000000003));
#1441=IFCPOLYLOOP((#1437,#1438,#1439,#1440));
#1442=IFCFACEOUTERBOUND(#1441,.T.);
#1443=IFCFACE((#1442));
#1444=IFCCARTESIANPOINT((0.031749999999998738,0.10474999999999812,0.031749999999998738));
#1445=IFCCARTESIANPOINT((0.031749999999998939,0.16824999999999782,0.031749999999998738));
#1446=IFCPOLYLOOP((#1426,#1425,#1444,#1445));
#1447=IFCFACEOUTERBOUND(#1446,.T.);
#1448=IFCFACE((#1447));
#1449=IFCCARTESIANPOINT((0.01269999999999921,0.16824999999999804,0.012699999999999007));
#1450=IFCCARTESIANPOINT((0.012699999999999415,0.21904999999999636,0.012699999999999007));
#1451=IFCPOLYLOOP((#1433,#1432,#1449,#1450));
#1452=IFCFACEOUTERBOUND(#1451,.T.);
#1453=IFCFACE((#1452));
#1454=IFCCARTESIANPOINT((-0.,0.219049999999997,-0.));
#1455=IFCCARTESIANPOINT((-0.,0.10474999999999818,-0.));
#1456=IFCPOLYLOOP((#1440,#1439,#1454,#1455));
#1457=IFCFACEOUTERBOUND(#1456,.T.);
#1458=IFCFACE((#1457));
#1459=IFCCARTESIANPOINT((1.0182500000000005,0.10474999999999493,0.031749999999998606));
#1460=IFCCARTESIANPOINT((1.0182500000000008,0.16824999999999479,0.031749999999998606));
#1461=IFCPOLYLOOP((#1445,#1444,#1459,#1460));
#1462=IFCFACEOUTERBOUND(#1461,.T.);
#1463=IFCFACE((#1462));
#1464=IFCCARTESIANPOINT((1.0373000000000006,0.16824999999999474,0.012699999999999143));
#1465=IFCCARTESIANPOINT((1.037300000000001,0.21904999999999367,0.012699999999999143));
#1466=IFCPOLYLOOP((#1450,#1449,#1464,#1465));
#1467=IFCFACEOUTERBOUND(#1466,.T.);
#1468=IFCFACE((#1467));
#1469=IFCCARTESIANPOINT((1.0500000000000007,0.21904999999999361,-0.));
#1470=IFCCARTESIANPOINT((1.0500000000000003,0.10474999999999483,-0.));
#1471=IFCPOLYLOOP((#1455,#1454,#1469,#1470));
#1472=IFCFACEOUTERBOUND(#1471,.T.);
#1473=IFCFACE((#1472));
#1474=IFCPOLYLOOP((#1440,#1455,#1470,#1437));
#1475=IFCFACEOUTERBOUND(#1474,.T.);
#1476=IFCPOLYLOOP((#1424,#1459,#1444,#1425));
#1477=IFCFACEBOUND(#1476,.T.);
#1478=IFCFACE((#1475,#1477));
#1479=IFCPOLYLOOP((#1460,#1459,#1424,#1423));
#1480=IFCFACEOUTERBOUND(#1479,.T.);
#1481=IFCFACE((#1480));
#1482=IFCPOLYLOOP((#1426,#1445,#1460,#1423));
#1483=IFCFACEBOUND(#1482,.T.);
#1484=IFCPOLYLOOP((#1431,#1464,#1449,#1432));
#1485=IFCFACEOUTERBOUND(#1484,.T.);
#1486=IFCFACE((#1483,#1485));
#1487=IFCPOLYLOOP((#1465,#1464,#1431,#1430));
#1488=IFCFACEOUTERBOUND(#1487,.T.);
#1489=IFCFACE((#1488));
#1490=IFCPOLYLOOP((#1470,#1469,#1438,#1437));
#1491=IFCFACEOUTERBOUND(#1490,.T.);
#1492=IFCFACE((#1491));
#1493=IFCPOLYLOOP((#1433,#1450,#1465,#1430));
#1494=IFCFACEBOUND(#1493,.T.);
#1495=IFCPOLYLOOP((#1438,#1469,#1454,#1439));
#1496=IFCFACEOUTERBOUND(#1495,.T.);
#1497=IFCFACE((#1494,#1496));
#1498=IFCCLOSEDSHELL((#1114,#1121,#1124,#1129,#1134,#1139,#1144,#1149,#1154,#1157,#1160,#1163,#1166,#1169));
#1499=IFCFACETEDBREP(#1498);
#1500=IFCCOLOURRGB($,0.8784313725490196,0.69803921568627447,0.49411764705882355);
#1501=IFCSURFACESTYLERENDERING(#1500,0.,$,$,$,$,IFCNORMALISEDRATIOMEASURE(0.5),IFCSPECULAREXPONENT(128.),.NOTDEFINED.);
#1502=IFCSURFACESTYLE('Wood - Stained',.BOTH.,(#1501));
#1503=IFCPRESENTATIONSTYLEASSIGNMENT((#1502));
#1504=IFCSTYLEDITEM(#1499,(#1503),$);
#1505=IFCCLOSEDSHELL((#1176,#1181,#1185,#1189,#1192,#1195));
#1506=IFCFACETEDBREP(#1505);
#1507=IFCSTYLEDITEM(#1506,(#1069),$);
#1508=IFCCLOSEDSHELL((#1202,#1207,#1211,#1215,#1218,#1221));
#1509=IFCFACETEDBREP(#1508);
#1510=IFCSTYLEDITEM(#1509,(#1069),$);
#1511=IFCCLOSEDSHELL((#1228,#1233,#1237,#1241,#1244,#1247));
#1512=IFCFACETEDBREP(#1511);
#1513=IFCSTYLEDITEM(#1512,(#1069),$);
#1514=IFCCLOSEDSHELL((#1254,#1259,#1263,#1267,#1270,#1273));
#1515=IFCFACETEDBREP(#1514);
#1516=IFCSTYLEDITEM(#1515,(#1069),$);
#1517=IFCCLOSEDSHELL((#1280,#1287,#1292,#1297,#1302,#1307,#1312,#1315,#1320,#1323));
#1518=IFCFACETEDBREP(#1517);
#1519=IFCSTYLEDITEM(#1518,(#1503),$);
#1520=IFCCLOSEDSHELL((#1330,#1337,#1342,#1347,#1352,#1357,#1360,#1365,#1368,#1373));
#1521=IFCFACETEDBREP(#1520);
#1522=IFCSTYLEDITEM(#1521,(#1503),$);
#1523=IFCCLOSEDSHELL((#1385,#1398,#1401,#1404,#1407,#1410,#1413,#1416,#1419,#1422));
#1524=IFCFACETEDBREP(#1523);
#1525=IFCSTYLEDITEM(#1524,(#1503),$);
#1526=IFCCLOSEDSHELL((#1429,#1436,#1443,#1448,#1453,#1458,#1463,#1468,#1473,#1478,#1481,#1486,#1489,#1492,#1497));
#1527=IFCFACETEDBREP(#1526);
#1528=IFCSTYLEDITEM(#1527,(#1503),$);
#1529=IFCSHAPEREPRESENTATION(#15,'Body','Brep',(#1499,#1506,#1509,#1512,#1515,#1518,#1521,#1524,#1527));
#1530=IFCAXIS2PLACEMENT3D(#10,$,$);
#1531=IFCREPRESENTATIONMAP(#1530,#1529);
#1532=IFCWINDOWLININGPROPERTIES('2VAVo7xAHC8gxIHnZuhooJ',#6,'M_Window-Casement-Double:1050 x 1350mm:357771',$,$,$,$,$,$,$,$,$,$);
#1533=IFCWINDOWSTYLE('3kPyFucA91iuh18y81LX3j',#6,'M_Window-Casement-Double:1050 x 1350mm',$,$,(#1532,#1554),(#1531),'338726',.NOTDEFINED.,.NOTDEFINED.,.F.,.F.);
#1534=IFCMATERIAL('Wood - Stained');
#1535=IFCPRESENTATIONSTYLEASSIGNMENT((#1502));
#1536=IFCSTYLEDITEM($,(#1535),$);
#1537=IFCSTYLEDREPRESENTATION(#13,'Style','Material',(#1536));
#1538=IFCMATERIALDEFINITIONREPRESENTATION($,$,(#1537),#1534);
#1539=IFCMATERIALLIST((#1534,#1083));
#1540=IFCMAPPEDITEM(#1531,#545);
#1541=IFCSHAPEREPRESENTATION(#15,'Body','MappedRepresentation',(#1540));
#1542=IFCPRODUCTDEFINITIONSHAPE($,$,(#1541));
#1543=IFCCARTESIANPOINT((3.1815697690481195,2.4978658932773854,0.90000000000000491));
#1544=IFCAXIS2PLACEMENT3D(#1543,#44,#45);
#1546=IFCWINDOW('2VAVo7xAHC8gxIHnduhooJ',#6,'M_Window-Casement-Double:1050 x 1350mm:357771',$,$,#3368,#1542,'357771',1.3500000000000023,1.0499999999999996);
#1547=IFCPROPERTYSINGLEVALUE('Reference',$,IFCIDENTIFIER('1050 x 1350mm'),$);
#1548=IFCPROPERTYSET('3WyHa1AVcZP7yCLpT7Avj_',#6,'Pset_QuantityTakeOff',$,(#1547));
#1549=IFCPROPERTYSINGLEVALUE('FireRating',$,IFCLABEL('0.5h'),$);
#1550=IFCPROPERTYSET('3oO7ub$VgnuO6_In$xxeZ8',#6,'Pset_WindowCommon',$,(#332,#1547,#1549));
#1551=IFCRELDEFINESBYPROPERTIES('2c4S$yPvC9alLoEeA1v0zO',#6,$,$,(#1546),#1548);
#1552=IFCRELDEFINESBYPROPERTIES('10B5CRo4IObjnkewFPPetl',#6,$,$,(#1546),#1550);
#1553=IFCPROPERTYSINGLEVALUE('FireRating',$,IFCLABEL('0.5h'),$);
#1554=IFCPROPERTYSET('37A5pZ9JZ8OxEie_j5nRYV',#6,'Pset_WindowCommon',$,(#1553));
#1555=IFCCARTESIANPOINT((0.0063500000000212969,-0.0063500000000302984));
#1556=IFCCARTESIANPOINT((0.60514999999996044,-0.0063500000000302984));
#1557=IFCCARTESIANPOINT((0.60514999999996044,0.0063499999999679759));
#1558=IFCCARTESIANPOINT((0.0063500000000309073,0.0063499999999679715));
#1559=IFCCARTESIANPOINT((0.0063500000000309064,0.19423750000007534));
#1560=IFCCARTESIANPOINT((-0.0063499999999642445,0.19423750000007534));
#1561=IFCCARTESIANPOINT((-0.0063499999999642428,0.0063499999999766963));
#1562=IFCCARTESIANPOINT((-0.60515000000007235,0.0063499999999766833));
#1563=IFCCARTESIANPOINT((-0.60515000000007235,-0.0063500000000126346));
#1564=IFCCARTESIANPOINT((-0.0063499999999753424,-0.0063500000000126303));
#1565=IFCCARTESIANPOINT((-0.0063499999999753415,-0.19423749999997705));
#1566=IFCCARTESIANPOINT((0.0063500000000212978,-0.19423749999997705));
#1567=IFCPOLYLINE((#1555,#1556,#1557,#1558,#1559,#1560,#1561,#1562,#1563,#1564,#1565,#1566,#1555));
#1568=IFCARBITRARYCLOSEDPROFILEDEF(.AREA.,'M_Muntin Pattern_2x2',#1567);
#1569=IFCCARTESIANPOINT((-0.,0.0095250000000019087,0.60514999999996621));
#1570=IFCAXIS2PLACEMENT3D(#1569,#92,#44);
#1571=IFCEXTRUDEDAREASOLID(#1568,#1570,#44,0.01269999999999603);
#1572=IFCCARTESIANPOINT((0.0063500000000101297,-0.0063500000000239476));
#1573=IFCCARTESIANPOINT((0.60515000000006014,-0.0063500000000239476));
#1574=IFCCARTESIANPOINT((0.60515000000006014,0.0063499999999742478));
#1575=IFCCARTESIANPOINT((0.0063500000000122955,0.0063499999999742478));
#1576=IFCCARTESIANPOINT((0.0063500000000122955,0.19423750000006912));
#1577=IFCCARTESIANPOINT((-0.0063499999999869832,0.19423750000006912));
#1578=IFCCARTESIANPOINT((-0.0063499999999869832,0.0063499999999827418));
#1579=IFCCARTESIANPOINT((-0.60515000000010477,0.0063499999999827418));
#1580=IFCCARTESIANPOINT((-0.60515000000010477,-0.0063500000000189056));
#1581=IFCCARTESIANPOINT((-0.0063499999999903677,-0.0063500000000189056));
#1582=IFCCARTESIANPOINT((-0.0063499999999903677,-0.19423749999998322));
#1583=IFCCARTESIANPOINT((0.0063500000000101297,-0.19423749999998322));
#1584=IFCPOLYLINE((#1572,#1573,#1574,#1575,#1576,#1577,#1578,#1579,#1580,#1581,#1582,#1583,#1572));
#1585=IFCARBITRARYCLOSEDPROFILEDEF(.AREA.,'M_Muntin Pattern_2x2',#1584);
#1586=IFCCARTESIANPOINT((-0.,-0.02222500000001483,0.60515000000010266));
#1587=IFCAXIS2PLACEMENT3D(#1586,#92,#44);
#1588=IFCEXTRUDEDAREASOLID(#1585,#1587,#44,0.012699999999996063);
#1589=IFCCOLOURRGB($,0.94901960784313721,0.94901960784313721,0.93333333333333335);
#1590=IFCSURFACESTYLERENDERING(#1589,0.,$,$,$,$,IFCNORMALISEDRATIOMEASURE(0.5),IFCSPECULAREXPONENT(128.),.NOTDEFINED.);
#1591=IFCSURFACESTYLE('Clad - White',.BOTH.,(#1590));
#1592=IFCPRESENTATIONSTYLEASSIGNMENT((#1591));
#1593=IFCSTYLEDITEM(#1571,(#1592),$);
#1594=IFCSTYLEDITEM(#1588,(#1503),$);
#1595=IFCSHAPEREPRESENTATION(#15,'Body','SweptSolid',(#1571,#1588));
#1596=IFCAXIS2PLACEMENT3D(#10,$,$);
#1597=IFCREPRESENTATIONMAP(#1596,#1595);
#1598=IFCBUILDINGELEMENTPROXYTYPE('2VAVo7xAHC8gxIHnduhopJ',#6,'M_Muntin Pattern_2x2:M_Muntin Pattern_2x2',$,$,$,(#1597),'333718',$,.NOTDEFINED.);
#1599=IFCMATERIAL('Clad - White');
#1600=IFCPRESENTATIONSTYLEASSIGNMENT((#1591));
#1601=IFCSTYLEDITEM($,(#1600),$);
#1602=IFCSTYLEDREPRESENTATION(#13,'Style','Material',(#1601));
#1603=IFCMATERIALDEFINITIONREPRESENTATION($,$,(#1602),#1599);
#1604=IFCMATERIALLIST((#1599,#1534));
#1605=IFCMAPPEDITEM(#1597,#545);
#1606=IFCSHAPEREPRESENTATION(#15,'Body','MappedRepresentation',(#1605));
#1607=IFCPRODUCTDEFINITIONSHAPE($,$,(#1606));
#1608=IFCCARTESIANPOINT((3.3720447690481254,2.2337783932774231,0.96984999999997568));
#1609=IFCAXIS2PLACEMENT3D(#1608,#44,#45);
#1610=IFCLOCALPLACEMENT(#24,#1609);
#1611=IFCBUILDINGELEMENTPROXY('2VAVo7xAHC8gxIHnduhooM',#6,'M_Muntin Pattern_2x2:M_Muntin Pattern_2x2:357774',$,$,#1610,#1607,'357774',$);
#1612=IFCPROPERTYSINGLEVALUE('Reference',$,IFCIDENTIFIER('M_Muntin Pattern_2x2'),$);
#1613=IFCPROPERTYSET('3A1YyXV1$OL0ogoy$TILi4',#6,'Pset_BuildingElementProxyCommon',$,(#1612));
#1614=IFCPROPERTYSET('0iL6dQ0DSXkZSsOEDnRfNC',#6,'Pset_QuantityTakeOff',$,(#1612));
#1615=IFCRELDEFINESBYPROPERTIES('0Bfa1$pG9j_scg66H0d5_l',#6,$,$,(#1611),#1613);
#1616=IFCRELDEFINESBYPROPERTIES('1Tz7xFL_0Jlu63uWbm4rtK',#6,$,$,(#1611),#1614);
#1617=IFCCARTESIANPOINT((0.0063500000000211616,-0.0063500000000302984));
#1618=IFCCARTESIANPOINT((0.60514999999990071,-0.0063500000000302984));
#1619=IFCCARTESIANPOINT((0.60514999999990071,0.0063499999999679759));
#1620=IFCCARTESIANPOINT((0.006350000000030772,0.0063499999999679715));
#1621=IFCCARTESIANPOINT((0.0063500000000307711,0.19423750000002946));
#1622=IFCCARTESIANPOINT((-0.0063499999999644475,0.19423750000002946));
#1623=IFCCARTESIANPOINT((-0.0063499999999644466,0.0063499999999766963));
#1624=IFCCARTESIANPOINT((-0.60515000000001284,0.0063499999999766833));
#1625=IFCCARTESIANPOINT((-0.60515000000001284,-0.0063500000000126346));
#1626=IFCCARTESIANPOINT((-0.0063499999999755453,-0.0063500000000126303));
#1627=IFCCARTESIANPOINT((-0.0063499999999755445,-0.19423749999993117));
#1628=IFCCARTESIANPOINT((0.0063500000000211625,-0.19423749999993117));
#1629=IFCPOLYLINE((#1617,#1618,#1619,#1620,#1621,#1622,#1623,#1624,#1625,#1626,#1627,#1628,#1617));
#1630=IFCARBITRARYCLOSEDPROFILEDEF(.AREA.,'M_Muntin Pattern_2x2',#1629);
#1631=IFCCARTESIANPOINT((-0.,-0.022224999999997937,0.6051499999999066));
#1632=IFCAXIS2PLACEMENT3D(#1631,#92,#44);
#1633=IFCEXTRUDEDAREASOLID(#1630,#1632,#44,0.01269999999999603);
#1634=IFCCARTESIANPOINT((0.0063500000000101297,-0.0063500000000239476));
#1635=IFCCARTESIANPOINT((0.60515000000000052,-0.0063500000000239476));
#1636=IFCCARTESIANPOINT((0.60515000000000052,0.0063499999999742478));
#1637=IFCCARTESIANPOINT((0.0063500000000122955,0.0063499999999742478));
#1638=IFCCARTESIANPOINT((0.0063500000000122955,0.19423750000002321));
#1639=IFCCARTESIANPOINT((-0.0063499999999869156,0.19423750000002321));
#1640=IFCCARTESIANPOINT((-0.0063499999999869156,0.0063499999999827418));
#1641=IFCCARTESIANPOINT((-0.60515000000004515,0.0063499999999827418));
#1642=IFCCARTESIANPOINT((-0.60515000000004515,-0.0063500000000189056));
#1643=IFCCARTESIANPOINT((-0.0063499999999903,-0.0063500000000189056));
#1644=IFCCARTESIANPOINT((-0.0063499999999903,-0.19423749999993734));
#1645=IFCCARTESIANPOINT((0.0063500000000101297,-0.19423749999993734));
#1646=IFCPOLYLINE((#1634,#1635,#1636,#1637,#1638,#1639,#1640,#1641,#1642,#1643,#1644,#1645,#1634));
#1647=IFCARBITRARYCLOSEDPROFILEDEF(.AREA.,'M_Muntin Pattern_2x2',#1646);
#1648=IFCCARTESIANPOINT((-0.,0.009525000000018765,0.60515000000004304));
#1649=IFCAXIS2PLACEMENT3D(#1648,#92,#44);
#1650=IFCEXTRUDEDAREASOLID(#1647,#1649,#44,0.012699999999996063);
#1651=IFCSTYLEDITEM(#1633,(#1592),$);
#1652=IFCSTYLEDITEM(#1650,(#1503),$);
#1653=IFCSHAPEREPRESENTATION(#15,'Body','SweptSolid',(#1633,#1650));
#1654=IFCAXIS2PLACEMENT3D(#10,$,$);
#1655=IFCREPRESENTATIONMAP(#1654,#1653);
#1656=IFCBUILDINGELEMENTPROXYTYPE('2VAVo7xAHC8gxIHnduhopK',#6,'M_Muntin Pattern_2x2:M_Muntin Pattern_2x2',$,$,$,(#1655),'333718',$,.NOTDEFINED.);
#1657=IFCMAPPEDITEM(#1655,#545);
#1658=IFCSHAPEREPRESENTATION(#15,'Body','MappedRepresentation',(#1657));
#1659=IFCPRODUCTDEFINITIONSHAPE($,$,(#1658));
#1660=IFCCARTESIANPOINT((3.3720447690481219,1.7119533932774011,0.96985000000003629));
#1661=IFCAXIS2PLACEMENT3D(#1660,#44,#92);
#1662=IFCLOCALPLACEMENT(#24,#1661);
#1663=IFCBUILDINGELEMENTPROXY('2VAVo7xAHC8gxIHnduhooN',#6,'M_Muntin Pattern_2x2:M_Muntin Pattern_2x2:357775',$,$,#1662,#1659,'357775',$);
#1664=IFCPROPERTYSET('1FhbET$xNoYm7qJgRdm1z$',#6,'Pset_BuildingElementProxyCommon',$,(#1612));
#1665=IFCPROPERTYSET('0ylJ_UkcM1nvNG2p6xV7mn',#6,'Pset_QuantityTakeOff',$,(#1612));
#1666=IFCRELDEFINESBYPROPERTIES('3kmcrQMdXDhfQtUq6mS5OM',#6,$,$,(#1663),#1664);
#1667=IFCRELDEFINESBYPROPERTIES('2WC$9i9uA1EKTFizuCEZMv',#6,$,$,(#1663),#1665);
#1668=IFCCARTESIANPOINT((-5.5511151231257827E-017,1.3530843112619095E-016));
#1669=IFCAXIS2PLACEMENT2D(#1668,#40);
#1670=IFCRECTANGLEPROFILEDEF(.AREA.,'with Sill',#1669,1.1699999999999988,0.060000000000000164);
#1671=IFCCARTESIANPOINT((0.,-1.4004323708847257,-0.));
#1672=IFCAXIS2PLACEMENT3D(#1671,#44,#135);
#1673=IFCEXTRUDEDAREASOLID(#1670,#1672,#44,0.019049999999999997);
#1674=IFCCARTESIANPOINT((-0.019049999999992424,-0.015239599102063475));
#1675=IFCCARTESIANPOINT((0.,-0.015239599102063475));
#1676=IFCCARTESIANPOINT((0.,-0.0056719699867789188));
#1677=IFCCARTESIANPOINT((0.019049999999971073,-0.0056719699867789188));
#1678=IFCCARTESIANPOINT((0.019049999999971076,0.014760400897936203));
#1679=IFCCARTESIANPOINT((0.,0.014760400897936203));
#1680=IFCCARTESIANPOINT((-0.019049999999992424,0.012302336381810488));
#1681=IFCPOLYLINE((#1674,#1675,#1676,#1677,#1678,#1679,#1680,#1674));
#1682=IFCARBITRARYCLOSEDPROFILEDEF(.AREA.,'with Sill',#1681);
#1683=IFCCARTESIANPOINT((-0.59769999999999301,-1.3647604008979428,0.019049999999975351));
#1684=IFCAXIS2PLACEMENT3D(#1683,#495,#414);
#1685=IFCEXTRUDEDAREASOLID(#1682,#1684,#44,1.1954000000000067);
#1686=IFCCARTESIANPOINT((-0.72000000000000097,-0.58500000000000041));
#1687=IFCCARTESIANPOINT((0.68999999999999961,-0.58500000000000041));
#1688=IFCCARTESIANPOINT((0.68999999999999961,-0.5249999999999988));
#1689=IFCCARTESIANPOINT((-0.65999999999999859,-0.5249999999999988));
#1690=IFCCARTESIANPOINT((-0.65999999999999859,0.52500000000000091));
#1691=IFCCARTESIANPOINT((0.68999999999999961,0.52500000000000091));
#1692=IFCCARTESIANPOINT((0.68999999999999961,0.58499999999999841));
#1693=IFCCARTESIANPOINT((-0.72000000000000097,0.58499999999999841));
#1694=IFCPOLYLINE((#1686,#1687,#1688,#1689,#1690,#1691,#1692,#1693,#1686));
#1695=IFCARBITRARYCLOSEDPROFILEDEF(.AREA.,'with Sill',#1694);
#1696=IFCCARTESIANPOINT((0.,-0.66000000000000703,-0.));
#1697=IFCAXIS2PLACEMENT3D(#1696,#44,#45);
#1698=IFCEXTRUDEDAREASOLID(#1695,#1697,#44,0.019049999999999997);
#1699=IFCSTYLEDITEM(#1673,(#1592),$);
#1700=IFCSTYLEDITEM(#1685,(#1592),$);
#1701=IFCSTYLEDITEM(#1698,(#1592),$);
#1702=IFCSHAPEREPRESENTATION(#15,'Body','SweptSolid',(#1673,#1685,#1698));
#1703=IFCAXIS2PLACEMENT3D(#10,$,$);
#1704=IFCREPRESENTATIONMAP(#1703,#1702);
#1705=IFCBUILDINGELEMENTPROXYTYPE('2VAVo7xAHC8gxIHnduhopL',#6,'M_Trim-Window-Exterior-Flat:with Sill',$,$,$,(#1704),'333704',$,.NOTDEFINED.);
#1706=IFCMAPPEDITEM(#1704,#545);
#1707=IFCSHAPEREPRESENTATION(#15,'Body','MappedRepresentation',(#1706));
#1708=IFCPRODUCTDEFINITIONSHAPE($,$,(#1707));
#1709=IFCCARTESIANPOINT((3.3815697690481183,1.9728658932773819,2.2500000000000155));
#1710=IFCAXIS2PLACEMENT3D(#1709,#495,#92);
#1711=IFCLOCALPLACEMENT(#24,#1710);
#1712=IFCBUILDINGELEMENTPROXY('2VAVo7xAHC8gxIHnduhoo8',#6,'M_Trim-Window-Exterior-Flat:with Sill:357776',$,$,#1711,#1708,'357776',$);
#1713=IFCPROPERTYSINGLEVALUE('Reference',$,IFCIDENTIFIER('with Sill'),$);
#1714=IFCPROPERTYSET('1J2yh7JCcDbEoHLaYutm$N',#6,'Pset_BuildingElementProxyCommon',$,(#1713));
#1715=IFCPROPERTYSET('3E9QmmfkUe24wqxgdBNBh3',#6,'Pset_QuantityTakeOff',$,(#1713));
#1716=IFCRELDEFINESBYPROPERTIES('1P_Vmio8oe4AEjtmVbSuIR',#6,$,$,(#1712),#1714);
#1717=IFCRELDEFINESBYPROPERTIES('2jatz2fd3s4Gg4Pm1vot_L',#6,$,$,(#1712),#1715);
#1718=IFCCARTESIANPOINT((-0.57229999999999837,-0.72229999999999395));
#1719=IFCCARTESIANPOINT((0.57229999999999837,-0.72229999999999395));
#1720=IFCCARTESIANPOINT((0.57229999999999837,0.72229999999999395));
#1721=IFCCARTESIANPOINT((-0.57229999999999837,0.72229999999999395));
#1722=IFCPOLYLINE((#1718,#1719,#1720,#1721,#1718));
#1723=IFCCARTESIANPOINT((-0.51230000000000186,-0.66229999999999156));
#1724=IFCCARTESIANPOINT((-0.51230000000000186,0.66229999999999234));
#1725=IFCCARTESIANPOINT((0.51229999999999776,0.66229999999999234));
#1726=IFCCARTESIANPOINT((0.51229999999999776,-0.66229999999999156));
#1727=IFCPOLYLINE((#1723,#1724,#1725,#1726,#1723));
#1728=IFCARBITRARYPROFILEDEFWITHVOIDS(.AREA.,'Picture Frame',#1722,(#1727));
#1729=IFCCARTESIANPOINT((0.,-0.67500000000001659,-0.));
#1730=IFCAXIS2PLACEMENT3D(#1729,#44,#135);
#1731=IFCEXTRUDEDAREASOLID(#1728,#1730,#44,0.029999999999999999);
#1732=IFCSTYLEDITEM(#1731,(#1503),$);
#1733=IFCSHAPEREPRESENTATION(#15,'Body','SweptSolid',(#1731));
#1734=IFCAXIS2PLACEMENT3D(#10,$,$);
#1735=IFCREPRESENTATIONMAP(#1734,#1733);
#1736=IFCBUILDINGELEMENTPROXYTYPE('2VAVo7xAHC8gxIHnduhopM',#6,'M_Trim-Window-Interior-Flat:Picture Frame',$,$,$,(#1735),'333714',$,.NOTDEFINED.);
#1737=IFCMAPPEDITEM(#1735,#545);
#1738=IFCSHAPEREPRESENTATION(#15,'Body','MappedRepresentation',(#1737));
#1739=IFCPRODUCTDEFINITIONSHAPE($,$,(#1738));
#1740=IFCCARTESIANPOINT((3.1815697690481186,1.9728658932773935,2.250000000000016));
#1741=IFCAXIS2PLACEMENT3D(#1740,#135,#45);
#1743=IFCCARTESIANPOINT((3.1815697690481186,1.9728658932773935,2.250000000000016));
#1744=IFCAXIS2PLACEMENT3D(#1743,#135,#45);
#1745=IFCLOCALPLACEMENT(#152,#1744);
#1746=IFCBUILDINGELEMENTPROXY('2VAVo7xAHC8gxIHnduhoo9',#6,'M_Trim-Window-Interior-Flat:Picture Frame:357777',$,$,#1745,#1739,'357777',$);
#1747=IFCPROPERTYSINGLEVALUE('Reference',$,IFCIDENTIFIER('Picture Frame'),$);
#1748=IFCPROPERTYSET('11wvugm_VcGjUyTIr4IfWH',#6,'Pset_BuildingElementProxyCommon',$,(#1747));
#1749=IFCPROPERTYSET('2MJ9cQA4ieMgQPlZ_EbCN7',#6,'Pset_QuantityTakeOff',$,(#1747));
#1750=IFCRELDEFINESBYPROPERTIES('3JlT9GjEv8TAJb0diAwdGv',#6,$,$,(#1746),#1748);
#1751=IFCRELDEFINESBYPROPERTIES('0y8UP1yNHoLjfGxYS7OEuE',#6,$,$,(#1746),#1749);
#1752=IFCMAPPEDITEM(#1531,#545);
#1753=IFCSHAPEREPRESENTATION(#15,'Body','MappedRepresentation',(#1752));
#1754=IFCPRODUCTDEFINITIONSHAPE($,$,(#1753));
#1755=IFCCARTESIANPOINT((3.1815697690481137,-1.1021341067226313,0.90000000000000491));
#1756=IFCAXIS2PLACEMENT3D(#1755,#44,#45);
#1758=IFCWINDOW('2VAVo7xAHC8gxIHnduhop0',#6,'M_Window-Casement-Double:1050 x 1350mm:357848',$,$,#3383,#1754,'357848',1.3500000000000023,1.0499999999999994);
#1759=IFCPROPERTYSET('0KjKK0cCs2Mji4PmE$5z$_',#6,'Pset_QuantityTakeOff',$,(#1547));
#1760=IFCPROPERTYSINGLEVALUE('FireRating',$,IFCLABEL('0.5h'),$);
#1761=IFCPROPERTYSET('3OVQyUxaJ0NeC$AA2zBH7Y',#6,'Pset_WindowCommon',$,(#332,#1547,#1760));
#1762=IFCRELDEFINESBYPROPERTIES('08vue8X_6GaIQuS8zXIrZz',#6,$,$,(#1758),#1759);
#1763=IFCRELDEFINESBYPROPERTIES('1suU4QFVGvNBistXpmuJcA',#6,$,$,(#1758),#1761);
#1764=IFCMAPPEDITEM(#1597,#545);
#1765=IFCSHAPEREPRESENTATION(#15,'Body','MappedRepresentation',(#1764));
#1766=IFCPRODUCTDEFINITIONSHAPE($,$,(#1765));
#1767=IFCCARTESIANPOINT((3.3720447690481197,-1.3662216067225939,0.96984999999997568));
#1768=IFCAXIS2PLACEMENT3D(#1767,#44,#45);
#1769=IFCLOCALPLACEMENT(#24,#1768);
#1770=IFCBUILDINGELEMENTPROXY('2VAVo7xAHC8gxIHnduhop3',#6,'M_Muntin Pattern_2x2:M_Muntin Pattern_2x2:357851',$,$,#1769,#1766,'357851',$);
#1771=IFCPROPERTYSET('3ClcTu_lAyWs3xn13hxm7o',#6,'Pset_BuildingElementProxyCommon',$,(#1612));
#1772=IFCPROPERTYSET('1LNj8QQSeM1V7PTMRi2S4_',#6,'Pset_QuantityTakeOff',$,(#1612));
#1773=IFCRELDEFINESBYPROPERTIES('05sEQChRH4iRexRuMN$2$z',#6,$,$,(#1770),#1771);
#1774=IFCRELDEFINESBYPROPERTIES('3TmxZsz$0zi5lmSJSitXdu',#6,$,$,(#1770),#1772);
#1775=IFCMAPPEDITEM(#1655,#545);
#1776=IFCSHAPEREPRESENTATION(#15,'Body','MappedRepresentation',(#1775));
#1777=IFCPRODUCTDEFINITIONSHAPE($,$,(#1776));
#1778=IFCCARTESIANPOINT((3.3720447690481157,-1.8880466067226156,0.96985000000003629));
#1779=IFCAXIS2PLACEMENT3D(#1778,#44,#92);
#1780=IFCLOCALPLACEMENT(#24,#1779);
#1781=IFCBUILDINGELEMENTPROXY('2VAVo7xAHC8gxIHnduhop4',#6,'M_Muntin Pattern_2x2:M_Muntin Pattern_2x2:357852',$,$,#1780,#1777,'357852',$);
#1782=IFCPROPERTYSET('2jKeDvpqJXtMQ03DMkNxuL',#6,'Pset_BuildingElementProxyCommon',$,(#1612));
#1783=IFCPROPERTYSET('3JntoARZj50IWw0G4nHx4F',#6,'Pset_QuantityTakeOff',$,(#1612));
#1784=IFCRELDEFINESBYPROPERTIES('0nLXes9mSQ0NqdgpdASRQt',#6,$,$,(#1781),#1782);
#1785=IFCRELDEFINESBYPROPERTIES('2u1zlCzH5UWuIAyWnkf2Vp',#6,$,$,(#1781),#1783);
#1786=IFCMAPPEDITEM(#1704,#545);
#1787=IFCSHAPEREPRESENTATION(#15,'Body','MappedRepresentation',(#1786));
#1788=IFCPRODUCTDEFINITIONSHAPE($,$,(#1787));
#1789=IFCCARTESIANPOINT((3.3815697690481126,-1.6271341067226348,2.2500000000000155));
#1790=IFCAXIS2PLACEMENT3D(#1789,#495,#92);
#1791=IFCLOCALPLACEMENT(#24,#1790);
#1792=IFCBUILDINGELEMENTPROXY('2VAVo7xAHC8gxIHnduhop5',#6,'M_Trim-Window-Exterior-Flat:with Sill:357853',$,$,#1791,#1788,'357853',$);
#1793=IFCPROPERTYSET('2FjQ0wulVXY1IDquDeCDn5',#6,'Pset_BuildingElementProxyCommon',$,(#1713));
#1794=IFCPROPERTYSET('0YFp3w7BknNSzcn7hJ9Q49',#6,'Pset_QuantityTakeOff',$,(#1713));
#1795=IFCRELDEFINESBYPROPERTIES('10w72EFygLUU6G7j0g2rF6',#6,$,$,(#1792),#1793);
#1796=IFCRELDEFINESBYPROPERTIES('24kBqrfJLHPsJkDD0GnbHo',#6,$,$,(#1792),#1794);
#1797=IFCMAPPEDITEM(#1735,#545);
#1798=IFCSHAPEREPRESENTATION(#15,'Body','MappedRepresentation',(#1797));
#1799=IFCPRODUCTDEFINITIONSHAPE($,$,(#1798));
#1800=IFCCARTESIANPOINT((3.1815697690481124,-1.6271341067226233,2.250000000000016));
#1801=IFCAXIS2PLACEMENT3D(#1800,#135,#45);
#1803=IFCCARTESIANPOINT((3.1815697690481124,-1.6271341067226233,2.250000000000016));
#1804=IFCAXIS2PLACEMENT3D(#1803,#135,#45);
#1805=IFCLOCALPLACEMENT(#87,#1804);
#1806=IFCBUILDINGELEMENTPROXY('2VAVo7xAHC8gxIHnduhop6',#6,'M_Trim-Window-Interior-Flat:Picture Frame:357854',$,$,#1805,#1799,'357854',$);
#1807=IFCPROPERTYSET('05pe332kp$zWj4O_2OKEG3',#6,'Pset_BuildingElementProxyCommon',$,(#1747));
#1808=IFCPROPERTYSET('1ii83btkwtc9frO6$uQhxp',#6,'Pset_QuantityTakeOff',$,(#1747));
#1809=IFCRELDEFINESBYPROPERTIES('0rRWT7xM__fIydq6183eBp',#6,$,$,(#1806),#1807);
#1810=IFCRELDEFINESBYPROPERTIES('01fP01Oj31ADGZqdQT4yq5',#6,$,$,(#1806),#1808);
#1811=IFCMAPPEDITEM(#1531,#545);
#1812=IFCSHAPEREPRESENTATION(#15,'Body','MappedRepresentation',(#1811));
#1813=IFCPRODUCTDEFINITIONSHAPE($,$,(#1812));
#1814=IFCCARTESIANPOINT((3.1815697690481071,-5.0521341067226135,0.90000000000000491));
#1815=IFCAXIS2PLACEMENT3D(#1814,#44,#45);
#1817=IFCWINDOW('2VAVo7xAHC8gxIHnduhopi',#6,'M_Window-Casement-Double:1050 x 1350mm:357876',$,$,#3398,#1813,'357876',1.3500000000000023,1.0499999999999996);
#1818=IFCPROPERTYSET('1KrSsy8beGQkKPSSjQ0aD7',#6,'Pset_QuantityTakeOff',$,(#1547));
#1819=IFCPROPERTYSINGLEVALUE('FireRating',$,IFCLABEL('0.5h'),$);
#1820=IFCPROPERTYSET('1hCUTiX8L1ma4ADzstrnph',#6,'Pset_WindowCommon',$,(#332,#1547,#1819));
#1821=IFCRELDEFINESBYPROPERTIES('2vjgjy_oP5InYoA4DGQc35',#6,$,$,(#1817),#1818);
#1822=IFCRELDEFINESBYPROPERTIES('2dGr1HULzCV9Iqb1YPD6GS',#6,$,$,(#1817),#1820);
#1823=IFCMAPPEDITEM(#1597,#545);
#1824=IFCSHAPEREPRESENTATION(#15,'Body','MappedRepresentation',(#1823));
#1825=IFCPRODUCTDEFINITIONSHAPE($,$,(#1824));
#1826=IFCCARTESIANPOINT((3.372044769048113,-5.3162216067225749,0.96984999999997568));
#1827=IFCAXIS2PLACEMENT3D(#1826,#44,#45);
#1828=IFCLOCALPLACEMENT(#24,#1827);
#1829=IFCBUILDINGELEMENTPROXY('2VAVo7xAHC8gxIHnduhopl',#6,'M_Muntin Pattern_2x2:M_Muntin Pattern_2x2:357879',$,$,#1828,#1825,'357879',$);
#1830=IFCPROPERTYSET('2845Sd7qrTfzcv0vMKaGlR',#6,'Pset_BuildingElementProxyCommon',$,(#1612));
#1831=IFCPROPERTYSET('14BsKtm1DAOf9pl2cMOXbN',#6,'Pset_QuantityTakeOff',$,(#1612));
#1832=IFCRELDEFINESBYPROPERTIES('1PcG9S4UbzttATHL8yfiy4',#6,$,$,(#1829),#1830);
#1833=IFCRELDEFINESBYPROPERTIES('02iZP$uUNGWE8S2nQwS7NF',#6,$,$,(#1829),#1831);
#1834=IFCMAPPEDITEM(#1655,#545);
#1835=IFCSHAPEREPRESENTATION(#15,'Body','MappedRepresentation',(#1834));
#1836=IFCPRODUCTDEFINITIONSHAPE($,$,(#1835));
#1837=IFCCARTESIANPOINT((3.3720447690481095,-5.8380466067225969,0.96985000000003629));
#1838=IFCAXIS2PLACEMENT3D(#1837,#44,#92);
#1839=IFCLOCALPLACEMENT(#24,#1838);
#1840=IFCBUILDINGELEMENTPROXY('2VAVo7xAHC8gxIHnduhopW',#6,'M_Muntin Pattern_2x2:M_Muntin Pattern_2x2:357880',$,$,#1839,#1836,'357880',$);
#1841=IFCPROPERTYSET('2diF3GGuVdYPGyZR0S86xd',#6,'Pset_BuildingElementProxyCommon',$,(#1612));
#1842=IFCPROPERTYSET('3lLmn2DbstfUDMphmC7yWO',#6,'Pset_QuantityTakeOff',$,(#1612));
#1843=IFCRELDEFINESBYPROPERTIES('3qobVDjM_PZbPK1q7AxFA2',#6,$,$,(#1840),#1841);
#1844=IFCRELDEFINESBYPROPERTIES('2F9q0YzYpiTcwFQtQymrQy',#6,$,$,(#1840),#1842);
#1845=IFCMAPPEDITEM(#1704,#545);
#1846=IFCSHAPEREPRESENTATION(#15,'Body','MappedRepresentation',(#1845));
#1847=IFCPRODUCTDEFINITIONSHAPE($,$,(#1846));
#1848=IFCCARTESIANPOINT((3.3815697690481059,-5.5771341067226166,2.2500000000000155));
#1849=IFCAXIS2PLACEMENT3D(#1848,#495,#92);
#1850=IFCLOCALPLACEMENT(#24,#1849);
#1851=IFCBUILDINGELEMENTPROXY('2VAVo7xAHC8gxIHnduhopX',#6,'M_Trim-Window-Exterior-Flat:with Sill:357881',$,$,#1850,#1847,'357881',$);
#1852=IFCPROPERTYSET('2peCAIHhxGgU6wlh4PijU_',#6,'Pset_BuildingElementProxyCommon',$,(#1713));
#1853=IFCPROPERTYSET('3YdRvtei8C0ms6ShULy07a',#6,'Pset_QuantityTakeOff',$,(#1713));
#1854=IFCRELDEFINESBYPROPERTIES('0$PfR3PgvbR7YJ6_QPriDZ',#6,$,$,(#1851),#1852);
#1855=IFCRELDEFINESBYPROPERTIES('3Dc8ohcY7fNZu9yRo0_K$p',#6,$,$,(#1851),#1853);
#1856=IFCMAPPEDITEM(#1735,#545);
#1857=IFCSHAPEREPRESENTATION(#15,'Body','MappedRepresentation',(#1856));
#1858=IFCPRODUCTDEFINITIONSHAPE($,$,(#1857));
#1859=IFCCARTESIANPOINT((3.1815697690481062,-5.5771341067226041,2.250000000000016));
#1860=IFCAXIS2PLACEMENT3D(#1859,#135,#45);
#1862=IFCCARTESIANPOINT((3.1815697690481062,-5.5771341067226041,2.250000000000016));
#1863=IFCAXIS2PLACEMENT3D(#1862,#135,#45);
#1864=IFCLOCALPLACEMENT(#109,#1863);
#1865=IFCBUILDINGELEMENTPROXY('2VAVo7xAHC8gxIHnduhopY',#6,'M_Trim-Window-Interior-Flat:Picture Frame:357882',$,$,#1864,#1858,'357882',$);
#1866=IFCPROPERTYSET('3WeoXATYH2SePYySITf5ib',#6,'Pset_BuildingElementProxyCommon',$,(#1747));
#1867=IFCPROPERTYSET('0N0cYnwF870LFz_YAJLIKa',#6,'Pset_QuantityTakeOff',$,(#1747));
#1868=IFCRELDEFINESBYPROPERTIES('36mWXtfd0QchER45hkbK4L',#6,$,$,(#1865),#1866);
#1869=IFCRELDEFINESBYPROPERTIES('06tADgQMlEi4jq7mZe0uGC',#6,$,$,(#1865),#1867);
#1870=IFCCARTESIANPOINT((0.7095249999999963,0.21904999999999661,1.7873000000000285));
#1871=IFCCARTESIANPOINT((0.69047499999999629,0.21904999999999661,1.7873000000000285));
#1872=IFCCARTESIANPOINT((0.69047499999999629,0.1682499999999964,1.7873000000000285));
#1873=IFCCARTESIANPOINT((0.7095249999999963,0.16825000000000528,1.7873000000000285));
#1874=IFCPOLYLOOP((#1870,#1871,#1872,#1873));
#1875=IFCFACEOUTERBOUND(#1874,.T.);
#1876=IFCFACE((#1875));
#1877=IFCCARTESIANPOINT((0.7095249999999963,0.21904999999999661,0.012699999999999685));
#1878=IFCCARTESIANPOINT((0.7095249999999963,0.1682499999999964,0.012699999999999685));
#1879=IFCCARTESIANPOINT((0.69047499999999629,0.16825000000000445,0.012699999999999685));
#1880=IFCCARTESIANPOINT((0.69047499999999629,0.21904999999999661,0.012699999999999685));
#1881=IFCPOLYLOOP((#1877,#1878,#1879,#1880));
#1882=IFCFACEOUTERBOUND(#1881,.T.);
#1883=IFCFACE((#1882));
#1884=IFCPOLYLOOP((#1871,#1870,#1877,#1880));
#1885=IFCFACEOUTERBOUND(#1884,.T.);
#1886=IFCFACE((#1885));
#1887=IFCCARTESIANPOINT((0.69047499999999629,0.16825000000000445,0.031749999999998467));
#1888=IFCCARTESIANPOINT((0.69047499999999629,0.1682499999999964,1.768250000000021));
#1889=IFCPOLYLOOP((#1872,#1871,#1880,#1879,#1887,#1888));
#1890=IFCFACEOUTERBOUND(#1889,.T.);
#1891=IFCFACE((#1890));
#1892=IFCCARTESIANPOINT((0.66983749999999964,0.16825000000000445,0.031749999999998467));
#1893=IFCCARTESIANPOINT((0.66983749999999964,0.16825000000000445,1.768250000000021));
#1894=IFCPOLYLOOP((#1888,#1887,#1892,#1893));
#1895=IFCFACEOUTERBOUND(#1894,.T.);
#1896=IFCFACE((#1895));
#1897=IFCCARTESIANPOINT((0.66983749999999964,0.10475000000000025,0.031749999999998467));
#1898=IFCCARTESIANPOINT((0.66983749999999964,0.10475000000000025,1.768250000000021));
#1899=IFCPOLYLOOP((#1893,#1892,#1897,#1898));
#1900=IFCFACEOUTERBOUND(#1899,.T.);
#1901=IFCFACE((#1900));
#1902=IFCCARTESIANPOINT((0.73016249999999971,0.10475000000000025,0.031749999999998467));
#1903=IFCCARTESIANPOINT((0.73016249999999971,0.10475000000000025,1.768250000000021));
#1904=IFCPOLYLOOP((#1898,#1897,#1902,#1903));
#1905=IFCFACEOUTERBOUND(#1904,.T.);
#1906=IFCFACE((#1905));
#1907=IFCCARTESIANPOINT((0.73016249999999971,0.16825000000000528,0.031749999999998467));
#1908=IFCCARTESIANPOINT((0.73016249999999971,0.16825000000000528,1.768250000000021));
#1909=IFCPOLYLOOP((#1903,#1902,#1907,#1908));
#1910=IFCFACEOUTERBOUND(#1909,.T.);
#1911=IFCFACE((#1910));
#1912=IFCCARTESIANPOINT((0.7095249999999963,0.16825000000000528,0.031749999999998467));
#1913=IFCCARTESIANPOINT((0.7095249999999963,0.16825000000000528,1.768250000000021));
#1914=IFCPOLYLOOP((#1908,#1907,#1912,#1913));
#1915=IFCFACEOUTERBOUND(#1914,.T.);
#1916=IFCFACE((#1915));
#1917=IFCPOLYLOOP((#1870,#1873,#1913,#1912,#1878,#1877));
#1918=IFCFACEOUTERBOUND(#1917,.T.);
#1919=IFCFACE((#1918));
#1920=IFCPOLYLOOP((#1912,#1887,#1879,#1878));
#1921=IFCFACEOUTERBOUND(#1920,.T.);
#1922=IFCFACE((#1921));
#1923=IFCPOLYLOOP((#1887,#1912,#1907,#1902,#1897,#1892));
#1924=IFCFACEOUTERBOUND(#1923,.T.);
#1925=IFCFACE((#1924));
#1926=IFCPOLYLOOP((#1913,#1888,#1893,#1898,#1903,#1908));
#1927=IFCFACEOUTERBOUND(#1926,.T.);
#1928=IFCFACE((#1927));
#1929=IFCPOLYLOOP((#1888,#1913,#1873,#1872));
#1930=IFCFACEOUTERBOUND(#1929,.T.);
#1931=IFCFACE((#1930));
#1932=IFCCARTESIANPOINT((0.63332499999999536,0.19999999999999998,1.7301500000000394));
#1933=IFCCARTESIANPOINT((0.069849999999941625,0.19999999999999998,1.7301500000000394));
#1934=IFCCARTESIANPOINT((0.069849999999941625,0.19365000000005614,1.7301500000000394));
#1935=IFCCARTESIANPOINT((0.63332499999999536,0.19365000000005614,1.7301500000000394));
#1936=IFCPOLYLOOP((#1932,#1933,#1934,#1935));
#1937=IFCFACEOUTERBOUND(#1936,.T.);
#1938=IFCFACE((#1937));
#1939=IFCCARTESIANPOINT((0.63332499999999536,0.19999999999999998,0.069849999999998469));
#1940=IFCCARTESIANPOINT((0.069849999999941625,0.19999999999999998,0.069849999999998469));
#1941=IFCPOLYLOOP((#1933,#1932,#1939,#1940));
#1942=IFCFACEOUTERBOUND(#1941,.T.);
#1943=IFCFACE((#1942));
#1944=IFCCARTESIANPOINT((0.069849999999941625,0.19365000000005614,0.069849999999998469));
#1945=IFCPOLYLOOP((#1934,#1933,#1940,#1944));
#1946=IFCFACEOUTERBOUND(#1945,.T.);
#1947=IFCFACE((#1946));
#1948=IFCCARTESIANPOINT((0.63332499999999536,0.19365000000005614,0.069849999999998469));
#1949=IFCPOLYLOOP((#1935,#1934,#1944,#1948));
#1950=IFCFACEOUTERBOUND(#1949,.T.);
#1951=IFCFACE((#1950));
#1952=IFCPOLYLOOP((#1932,#1935,#1948,#1939));
#1953=IFCFACEOUTERBOUND(#1952,.T.);
#1954=IFCFACE((#1953));
#1955=IFCPOLYLOOP((#1939,#1948,#1944,#1940));
#1956=IFCFACEOUTERBOUND(#1955,.T.);
#1957=IFCFACE((#1956));
#1958=IFCCARTESIANPOINT((0.069849999999941625,0.18094999999999731,0.069849999999998469));
#1959=IFCCARTESIANPOINT((0.069849999999941625,0.1873000000000494,0.069849999999998469));
#1960=IFCCARTESIANPOINT((0.63332499999999536,0.1873000000000494,0.069849999999998469));
#1961=IFCCARTESIANPOINT((0.63332499999999536,0.18094999999999731,0.069849999999998469));
#1962=IFCPOLYLOOP((#1958,#1959,#1960,#1961));
#1963=IFCFACEOUTERBOUND(#1962,.T.);
#1964=IFCFACE((#1963));
#1965=IFCCARTESIANPOINT((0.63332499999999536,0.18094999999999731,1.7301500000000394));
#1966=IFCCARTESIANPOINT((0.069849999999941625,0.18094999999999731,1.7301500000000394));
#1967=IFCPOLYLOOP((#1965,#1966,#1958,#1961));
#1968=IFCFACEOUTERBOUND(#1967,.T.);
#1969=IFCFACE((#1968));
#1970=IFCCARTESIANPOINT((0.63332499999999536,0.1873000000000494,1.7301500000000394));
#1971=IFCPOLYLOOP((#1970,#1965,#1961,#1960));
#1972=IFCFACEOUTERBOUND(#1971,.T.);
#1973=IFCFACE((#1972));
#1974=IFCCARTESIANPOINT((0.069849999999941625,0.1873000000000494,1.7301500000000394));
#1975=IFCPOLYLOOP((#1974,#1970,#1960,#1959));
#1976=IFCFACEOUTERBOUND(#1975,.T.);
#1977=IFCFACE((#1976));
#1978=IFCPOLYLOOP((#1966,#1974,#1959,#1958));
#1979=IFCFACEOUTERBOUND(#1978,.T.);
#1980=IFCFACE((#1979));
#1981=IFCPOLYLOOP((#1966,#1965,#1970,#1974));
#1982=IFCFACEOUTERBOUND(#1981,.T.);
#1983=IFCFACE((#1982));
#1984=IFCCARTESIANPOINT((1.3301499999999549,0.19999999999999998,1.7301500000000394));
#1985=IFCCARTESIANPOINT((0.76667499999999489,0.19999999999999998,1.7301500000000394));
#1986=IFCCARTESIANPOINT((0.76667499999999489,0.19365000000016586,1.7301500000000394));
#1987=IFCCARTESIANPOINT((1.3301499999999549,0.19365000000016586,1.7301500000000394));
#1988=IFCPOLYLOOP((#1984,#1985,#1986,#1987));
#1989=IFCFACEOUTERBOUND(#1988,.T.);
#1990=IFCFACE((#1989));
#1991=IFCCARTESIANPOINT((1.3301499999999549,0.19999999999999998,0.069849999999998469));
#1992=IFCCARTESIANPOINT((0.76667499999999489,0.19999999999999998,0.069849999999998469));
#1993=IFCPOLYLOOP((#1985,#1984,#1991,#1992));
#1994=IFCFACEOUTERBOUND(#1993,.T.);
#1995=IFCFACE((#1994));
#1996=IFCCARTESIANPOINT((0.76667499999999489,0.19365000000016586,0.069849999999998469));
#1997=IFCPOLYLOOP((#1986,#1985,#1992,#1996));
#1998=IFCFACEOUTERBOUND(#1997,.T.);
#1999=IFCFACE((#1998));
#2000=IFCCARTESIANPOINT((1.3301499999999549,0.19365000000016586,0.069849999999998469));
#2001=IFCPOLYLOOP((#1987,#1986,#1996,#2000));
#2002=IFCFACEOUTERBOUND(#2001,.T.);
#2003=IFCFACE((#2002));
#2004=IFCPOLYLOOP((#1984,#1987,#2000,#1991));
#2005=IFCFACEOUTERBOUND(#2004,.T.);
#2006=IFCFACE((#2005));
#2007=IFCPOLYLOOP((#1991,#2000,#1996,#1992));
#2008=IFCFACEOUTERBOUND(#2007,.T.);
#2009=IFCFACE((#2008));
#2010=IFCCARTESIANPOINT((0.766674999999995,0.18094999999999731,0.069849999999998469));
#2011=IFCCARTESIANPOINT((0.766674999999995,0.1873000000001516,0.069849999999998469));
#2012=IFCCARTESIANPOINT((1.3301499999999549,0.1873000000001516,0.069849999999998469));
#2013=IFCCARTESIANPOINT((1.3301499999999549,0.18094999999999731,0.069849999999998469));
#2014=IFCPOLYLOOP((#2010,#2011,#2012,#2013));
#2015=IFCFACEOUTERBOUND(#2014,.T.);
#2016=IFCFACE((#2015));
#2017=IFCCARTESIANPOINT((1.3301499999999549,0.18094999999999731,1.7301500000000394));
#2018=IFCCARTESIANPOINT((0.766674999999995,0.18094999999999731,1.7301500000000394));
#2019=IFCPOLYLOOP((#2017,#2018,#2010,#2013));
#2020=IFCFACEOUTERBOUND(#2019,.T.);
#2021=IFCFACE((#2020));
#2022=IFCCARTESIANPOINT((1.3301499999999549,0.1873000000001516,1.7301500000000394));
#2023=IFCPOLYLOOP((#2022,#2017,#2013,#2012));
#2024=IFCFACEOUTERBOUND(#2023,.T.);
#2025=IFCFACE((#2024));
#2026=IFCCARTESIANPOINT((0.766674999999995,0.1873000000001516,1.7301500000000394));
#2027=IFCPOLYLOOP((#2026,#2022,#2012,#2011));
#2028=IFCFACEOUTERBOUND(#2027,.T.);
#2029=IFCFACE((#2028));
#2030=IFCPOLYLOOP((#2018,#2026,#2011,#2010));
#2031=IFCFACEOUTERBOUND(#2030,.T.);
#2032=IFCFACE((#2031));
#2033=IFCPOLYLOOP((#2018,#2017,#2022,#2026));
#2034=IFCFACEOUTERBOUND(#2033,.T.);
#2035=IFCFACE((#2034));
#2036=IFCCARTESIANPOINT((0.69047499999999573,0.16824999999999671,1.7873000000000316));
#2037=IFCCARTESIANPOINT((0.6904749999999954,0.21269999999999653,1.7873000000000316));
#2038=IFCCARTESIANPOINT((0.012699999999940804,0.2126999999999987,1.7873000000000316));
#2039=IFCCARTESIANPOINT((0.01269999999994121,0.1682499999999989,1.7873000000000316));
#2040=IFCPOLYLOOP((#2036,#2037,#2038,#2039));
#2041=IFCFACEOUTERBOUND(#2040,.T.);
#2042=IFCFACE((#2041));
#2043=IFCCARTESIANPOINT((0.63332499999999547,0.21269999999999673,1.7301500000000312));
#2044=IFCCARTESIANPOINT((0.63332499999999481,0.16824999999999687,1.7301500000000312));
#2045=IFCCARTESIANPOINT((0.069849999999941209,0.16824999999999871,1.7301500000000312));
#2046=IFCCARTESIANPOINT((0.069849999999941889,0.21269999999999853,1.7301500000000312));
#2047=IFCPOLYLOOP((#2043,#2044,#2045,#2046));
#2048=IFCFACEOUTERBOUND(#2047,.T.);
#2049=IFCFACE((#2048));
#2050=IFCCARTESIANPOINT((0.012699999999940939,0.2126999999999987,0.012700000000005776));
#2051=IFCCARTESIANPOINT((0.012699999999940804,0.1682499999999989,0.012700000000005776));
#2052=IFCPOLYLOOP((#2039,#2038,#2050,#2051));
#2053=IFCFACEOUTERBOUND(#2052,.T.);
#2054=IFCFACE((#2053));
#2055=IFCCARTESIANPOINT((0.069849999999941209,0.16824999999999871,0.069850000000006324));
#2056=IFCCARTESIANPOINT((0.069849999999941348,0.21269999999999853,0.069850000000006046));
#2057=IFCPOLYLOOP((#2046,#2045,#2055,#2056));
#2058=IFCFACEOUTERBOUND(#2057,.T.);
#2059=IFCFACE((#2058));
#2060=IFCCARTESIANPOINT((0.69047499999999573,0.21269999999999653,0.012700000000005776));
#2061=IFCCARTESIANPOINT((0.69047499999999562,0.16824999999999671,0.012700000000005776));
#2062=IFCPOLYLOOP((#2051,#2050,#2060,#2061));
#2063=IFCFACEOUTERBOUND(#2062,.T.);
#2064=IFCFACE((#2063));
#2065=IFCCARTESIANPOINT((0.63332499999999514,0.16824999999999687,0.069850000000006185));
#2066=IFCCARTESIANPOINT((0.63332499999999536,0.2126999999999967,0.069850000000006185));
#2067=IFCPOLYLOOP((#2056,#2055,#2065,#2066));
#2068=IFCFACEOUTERBOUND(#2067,.T.);
#2069=IFCFACE((#2068));
#2070=IFCPOLYLOOP((#2046,#2056,#2066,#2043));
#2071=IFCFACEBOUND(#2070,.T.);
#2072=IFCPOLYLOOP((#2037,#2060,#2050,#2038));
#2073=IFCFACEOUTERBOUND(#2072,.T.);
#2074=IFCFACE((#2071,#2073));
#2075=IFCPOLYLOOP((#2061,#2060,#2037,#2036));
#2076=IFCFACEOUTERBOUND(#2075,.T.);
#2077=IFCFACE((#2076));
#2078=IFCPOLYLOOP((#2039,#2051,#2061,#2036));
#2079=IFCFACEOUTERBOUND(#2078,.T.);
#2080=IFCPOLYLOOP((#2044,#2065,#2055,#2045));
#2081=IFCFACEBOUND(#2080,.T.);
#2082=IFCFACE((#2079,#2081));
#2083=IFCPOLYLOOP((#2066,#2065,#2044,#2043));
#2084=IFCFACEOUTERBOUND(#2083,.T.);
#2085=IFCFACE((#2084));
#2086=IFCCARTESIANPOINT((1.3301499999999549,0.16824999999999479,0.069850000000005644));
#2087=IFCCARTESIANPOINT((1.3301499999999549,0.21269999999999462,0.069850000000005644));
#2088=IFCCARTESIANPOINT((0.766674999999995,0.21269999999999642,0.069850000000005644));
#2089=IFCCARTESIANPOINT((0.76667499999999478,0.16824999999999665,0.069850000000005644));
#2090=IFCPOLYLOOP((#2086,#2087,#2088,#2089));
#2091=IFCFACEOUTERBOUND(#2090,.T.);
#2092=IFCFACE((#2091));
#2093=IFCCARTESIANPOINT((1.3872999999999542,0.21269999999999442,0.01270000000000537));
#2094=IFCCARTESIANPOINT((1.3872999999999551,0.1682499999999946,0.01270000000000537));
#2095=IFCCARTESIANPOINT((0.70952499999999463,0.16824999999999682,0.01270000000000537));
#2096=IFCCARTESIANPOINT((0.70952499999999474,0.21269999999999678,0.01270000000000537));
#2097=IFCPOLYLOOP((#2093,#2094,#2095,#2096));
#2098=IFCFACEOUTERBOUND(#2097,.T.);
#2099=IFCFACE((#2098));
#2100=IFCCARTESIANPOINT((0.76667499999999522,0.21269999999999639,1.7301500000000323));
#2101=IFCCARTESIANPOINT((0.766674999999995,0.16824999999999665,1.7301500000000318));
#2102=IFCPOLYLOOP((#2089,#2088,#2100,#2101));
#2103=IFCFACEOUTERBOUND(#2102,.T.);
#2104=IFCFACE((#2103));
#2105=IFCCARTESIANPOINT((0.70952499999999441,0.16824999999999682,1.7873000000000316));
#2106=IFCCARTESIANPOINT((0.70952499999999463,0.21269999999999678,1.7873000000000328));
#2107=IFCPOLYLOOP((#2096,#2095,#2105,#2106));
#2108=IFCFACEOUTERBOUND(#2107,.T.);
#2109=IFCFACE((#2108));
#2110=IFCCARTESIANPOINT((1.3301499999999549,0.21269999999999459,1.7301500000000323));
#2111=IFCCARTESIANPOINT((1.3301499999999542,0.16824999999999479,1.7301500000000323));
#2112=IFCPOLYLOOP((#2101,#2100,#2110,#2111));
#2113=IFCFACEOUTERBOUND(#2112,.T.);
#2114=IFCFACE((#2113));
#2115=IFCCARTESIANPOINT((1.3872999999999542,0.1682499999999946,1.7873000000000316));
#2116=IFCCARTESIANPOINT((1.3872999999999551,0.21269999999999439,1.7873000000000316));
#2117=IFCPOLYLOOP((#2106,#2105,#2115,#2116));
#2118=IFCFACEOUTERBOUND(#2117,.T.);
#2119=IFCFACE((#2118));
#2120=IFCPOLYLOOP((#2111,#2110,#2087,#2086));
#2121=IFCFACEOUTERBOUND(#2120,.T.);
#2122=IFCFACE((#2121));
#2123=IFCPOLYLOOP((#2089,#2101,#2111,#2086));
#2124=IFCFACEBOUND(#2123,.T.);
#2125=IFCPOLYLOOP((#2094,#2115,#2105,#2095));
#2126=IFCFACEOUTERBOUND(#2125,.T.);
#2127=IFCFACE((#2124,#2126));
#2128=IFCPOLYLOOP((#2116,#2115,#2094,#2093));
#2129=IFCFACEOUTERBOUND(#2128,.T.);
#2130=IFCFACE((#2129));
#2131=IFCPOLYLOOP((#2096,#2106,#2116,#2093));
#2132=IFCFACEOUTERBOUND(#2131,.T.);
#2133=IFCPOLYLOOP((#2087,#2110,#2100,#2088));
#2134=IFCFACEBOUND(#2133,.T.);
#2135=IFCFACE((#2132,#2134));
#2136=IFCCARTESIANPOINT((0.,0.,1.8000000000000029));
#2137=IFCCARTESIANPOINT((1.3999999999999988,0.,0.));
#2138=IFCCARTESIANPOINT((1.3999999999999988,0.,1.8000000000000029));
#2139=IFCCARTESIANPOINT((1.3809500000000006,0.,1.7809500000000018));
#2140=IFCCARTESIANPOINT((1.3809500000000006,0.,0.019049999999998377));
#2141=IFCCARTESIANPOINT((0.019049999999999595,0.,0.019049999999998377));
#2142=IFCCARTESIANPOINT((0.01904999999999946,0.,1.7809500000000018));
#2143=IFCPOLYLOOP((#2136,#10,#2137,#2138));
#2144=IFCFACEOUTERBOUND(#2143,.T.);
#2145=IFCPOLYLOOP((#2139,#2140,#2141,#2142));
#2146=IFCFACEBOUND(#2145,.T.);
#2147=IFCFACE((#2144,#2146));
#2148=IFCCARTESIANPOINT((0.,0.10475000000000002,1.8000000000000029));
#2149=IFCCARTESIANPOINT((1.3999999999999988,0.10475000000000002,1.8000000000000029));
#2150=IFCCARTESIANPOINT((1.3999999999999988,0.10475000000000002,0.));
#2151=IFCCARTESIANPOINT((0.,0.10475000000000002,0.));
#2152=IFCCARTESIANPOINT((1.3809500000000006,0.10475000000000002,1.7809500000000018));
#2153=IFCCARTESIANPOINT((0.01904999999999946,0.10475000000000002,1.7809500000000018));
#2154=IFCCARTESIANPOINT((0.019049999999999595,0.10475000000000002,0.019049999999998377));
#2155=IFCCARTESIANPOINT((1.3809500000000006,0.10475000000000002,0.019049999999998377));
#2156=IFCPOLYLOOP((#2148,#2149,#2150,#2151));
#2157=IFCFACEOUTERBOUND(#2156,.T.);
#2158=IFCPOLYLOOP((#2152,#2153,#2154,#2155));
#2159=IFCFACEBOUND(#2158,.T.);
#2160=IFCFACE((#2157,#2159));
#2161=IFCPOLYLOOP((#10,#2136,#2148,#2151));
#2162=IFCFACEOUTERBOUND(#2161,.T.);
#2163=IFCFACE((#2162));
#2164=IFCPOLYLOOP((#2137,#10,#2151,#2150));
#2165=IFCFACEOUTERBOUND(#2164,.T.);
#2166=IFCFACE((#2165));
#2167=IFCPOLYLOOP((#2138,#2137,#2150,#2149));
#2168=IFCFACEOUTERBOUND(#2167,.T.);
#2169=IFCFACE((#2168));
#2170=IFCPOLYLOOP((#2136,#2138,#2149,#2148));
#2171=IFCFACEOUTERBOUND(#2170,.T.);
#2172=IFCFACE((#2171));
#2173=IFCPOLYLOOP((#2140,#2139,#2152,#2155));
#2174=IFCFACEOUTERBOUND(#2173,.T.);
#2175=IFCFACE((#2174));
#2176=IFCPOLYLOOP((#2141,#2140,#2155,#2154));
#2177=IFCFACEOUTERBOUND(#2176,.T.);
#2178=IFCFACE((#2177));
#2179=IFCPOLYLOOP((#2142,#2141,#2154,#2153));
#2180=IFCFACEOUTERBOUND(#2179,.T.);
#2181=IFCFACE((#2180));
#2182=IFCPOLYLOOP((#2139,#2142,#2153,#2152));
#2183=IFCFACEOUTERBOUND(#2182,.T.);
#2184=IFCFACE((#2183));
#2185=IFCCARTESIANPOINT((1.3682499999999997,0.16824999999999421,1.7682500000000037));
#2186=IFCCARTESIANPOINT((1.3682499999999997,0.10474999999999436,1.7682500000000037));
#2187=IFCCARTESIANPOINT((0.031749999999999147,0.10474999999999869,1.7682500000000037));
#2188=IFCCARTESIANPOINT((0.031749999999999418,0.1682499999999984,1.7682500000000037));
#2189=IFCPOLYLOOP((#2185,#2186,#2187,#2188));
#2190=IFCFACEOUTERBOUND(#2189,.T.);
#2191=IFCFACE((#2190));
#2192=IFCCARTESIANPOINT((1.3873000000000002,0.21904999999999306,1.7873000000000037));
#2193=IFCCARTESIANPOINT((1.3872999999999998,0.16824999999999418,1.7873000000000037));
#2194=IFCCARTESIANPOINT((0.012699999999999143,0.1682499999999986,1.7873000000000037));
#2195=IFCCARTESIANPOINT((0.012700000000000362,0.21904999999999669,1.7873000000000037));
#2196=IFCPOLYLOOP((#2192,#2193,#2194,#2195));
#2197=IFCFACEOUTERBOUND(#2196,.T.);
#2198=IFCFACE((#2197));
#2199=IFCCARTESIANPOINT((1.399999999999999,0.10474999999999426,1.8000000000000029));
#2200=IFCCARTESIANPOINT((1.3999999999999992,0.21904999999999306,1.8000000000000029));
#2201=IFCCARTESIANPOINT((0.,0.21904999999999758,1.8000000000000029));
#2202=IFCCARTESIANPOINT((-0.,0.10474999999999875,1.8000000000000029));
#2203=IFCPOLYLOOP((#2199,#2200,#2201,#2202));
#2204=IFCFACEOUTERBOUND(#2203,.T.);
#2205=IFCFACE((#2204));
#2206=IFCCARTESIANPOINT((0.031749999999999008,0.10474999999999869,0.031749999999999008));
#2207=IFCCARTESIANPOINT((0.031749999999999279,0.1682499999999984,0.031749999999998738));
#2208=IFCPOLYLOOP((#2188,#2187,#2206,#2207));
#2209=IFCFACEOUTERBOUND(#2208,.T.);
#2210=IFCFACE((#2209));
#2211=IFCCARTESIANPOINT((0.01269999999999928,0.1682499999999986,0.012699999999999007));
#2212=IFCCARTESIANPOINT((0.01269999999999928,0.21904999999999669,0.01269999999999928));
#2213=IFCPOLYLOOP((#2195,#2194,#2211,#2212));
#2214=IFCFACEOUTERBOUND(#2213,.T.);
#2215=IFCFACE((#2214));
#2216=IFCCARTESIANPOINT((0.,0.21904999999999758,-0.));
#2217=IFCCARTESIANPOINT((-0.,0.10474999999999875,-0.));
#2218=IFCPOLYLOOP((#2202,#2201,#2216,#2217));
#2219=IFCFACEOUTERBOUND(#2218,.T.);
#2220=IFCFACE((#2219));
#2221=IFCCARTESIANPOINT((1.3682499999999997,0.10474999999999439,0.031749999999999008));
#2222=IFCCARTESIANPOINT((1.3682500000000002,0.16824999999999424,0.031749999999999147));
#2223=IFCPOLYLOOP((#2207,#2206,#2221,#2222));
#2224=IFCFACEOUTERBOUND(#2223,.T.);
#2225=IFCFACE((#2224));
#2226=IFCCARTESIANPOINT((1.3872999999999998,0.16824999999999418,0.012699999999999007));
#2227=IFCCARTESIANPOINT((1.3872999999999998,0.21904999999999306,0.012699999999998872));
#2228=IFCPOLYLOOP((#2212,#2211,#2226,#2227));
#2229=IFCFACEOUTERBOUND(#2228,.T.);
#2230=IFCFACE((#2229));
#2231=IFCCARTESIANPOINT((1.3999999999999995,0.21904999999999306,-0.));
#2232=IFCCARTESIANPOINT((1.3999999999999995,0.10474999999999426,-0.));
#2233=IFCPOLYLOOP((#2217,#2216,#2231,#2232));
#2234=IFCFACEOUTERBOUND(#2233,.T.);
#2235=IFCFACE((#2234));
#2236=IFCPOLYLOOP((#2202,#2217,#2232,#2199));
#2237=IFCFACEOUTERBOUND(#2236,.T.);
#2238=IFCPOLYLOOP((#2186,#2221,#2206,#2187));
#2239=IFCFACEBOUND(#2238,.T.);
#2240=IFCFACE((#2237,#2239));
#2241=IFCPOLYLOOP((#2222,#2221,#2186,#2185));
#2242=IFCFACEOUTERBOUND(#2241,.T.);
#2243=IFCFACE((#2242));
#2244=IFCPOLYLOOP((#2188,#2207,#2222,#2185));
#2245=IFCFACEBOUND(#2244,.T.);
#2246=IFCPOLYLOOP((#2193,#2226,#2211,#2194));
#2247=IFCFACEOUTERBOUND(#2246,.T.);
#2248=IFCFACE((#2245,#2247));
#2249=IFCPOLYLOOP((#2227,#2226,#2193,#2192));
#2250=IFCFACEOUTERBOUND(#2249,.T.);
#2251=IFCFACE((#2250));
#2252=IFCPOLYLOOP((#2232,#2231,#2200,#2199));
#2253=IFCFACEOUTERBOUND(#2252,.T.);
#2254=IFCFACE((#2253));
#2255=IFCPOLYLOOP((#2195,#2212,#2227,#2192));
#2256=IFCFACEBOUND(#2255,.T.);
#2257=IFCPOLYLOOP((#2200,#2231,#2216,#2201));
#2258=IFCFACEOUTERBOUND(#2257,.T.);
#2259=IFCFACE((#2256,#2258));
#2260=IFCCLOSEDSHELL((#1876,#1883,#1886,#1891,#1896,#1901,#1906,#1911,#1916,#1919,#1922,#1925,#1928,#1931));
#2261=IFCFACETEDBREP(#2260);
#2262=IFCSTYLEDITEM(#2261,(#1503),$);
#2263=IFCCLOSEDSHELL((#1938,#1943,#1947,#1951,#1954,#1957));
#2264=IFCFACETEDBREP(#2263);
#2265=IFCSTYLEDITEM(#2264,(#1069),$);
#2266=IFCCLOSEDSHELL((#1964,#1969,#1973,#1977,#1980,#1983));
#2267=IFCFACETEDBREP(#2266);
#2268=IFCSTYLEDITEM(#2267,(#1069),$);
#2269=IFCCLOSEDSHELL((#1990,#1995,#1999,#2003,#2006,#2009));
#2270=IFCFACETEDBREP(#2269);
#2271=IFCSTYLEDITEM(#2270,(#1069),$);
#2272=IFCCLOSEDSHELL((#2016,#2021,#2025,#2029,#2032,#2035));
#2273=IFCFACETEDBREP(#2272);
#2274=IFCSTYLEDITEM(#2273,(#1069),$);
#2275=IFCCLOSEDSHELL((#2042,#2049,#2054,#2059,#2064,#2069,#2074,#2077,#2082,#2085));
#2276=IFCFACETEDBREP(#2275);
#2277=IFCSTYLEDITEM(#2276,(#1503),$);
#2278=IFCCLOSEDSHELL((#2092,#2099,#2104,#2109,#2114,#2119,#2122,#2127,#2130,#2135));
#2279=IFCFACETEDBREP(#2278);
#2280=IFCSTYLEDITEM(#2279,(#1503),$);
#2281=IFCCLOSEDSHELL((#2147,#2160,#2163,#2166,#2169,#2172,#2175,#2178,#2181,#2184));
#2282=IFCFACETEDBREP(#2281);
#2283=IFCSTYLEDITEM(#2282,(#1503),$);
#2284=IFCCLOSEDSHELL((#2191,#2198,#2205,#2210,#2215,#2220,#2225,#2230,#2235,#2240,#2243,#2248,#2251,#2254,#2259));
#2285=IFCFACETEDBREP(#2284);
#2286=IFCSTYLEDITEM(#2285,(#1503),$);
#2287=IFCSHAPEREPRESENTATION(#15,'Body','Brep',(#2261,#2264,#2267,#2270,#2273,#2276,#2279,#2282,#2285));
#2288=IFCAXIS2PLACEMENT3D(#10,$,$);
#2289=IFCREPRESENTATIONMAP(#2288,#2287);
#2290=IFCWINDOWLININGPROPERTIES('2VAVo7xAHC8gxIHnZuhozS',#6,'M_Window-Casement-Double:1400 x 1800mm:357956',$,$,$,$,$,$,$,$,$,$);
#2291=IFCWINDOWSTYLE('1xp1wf6_zlUfkqeYSQ7Cgm',#6,'M_Window-Casement-Double:1400 x 1800mm',$,$,(#2290,#2306),(#2289),'338730',.NOTDEFINED.,.NOTDEFINED.,.F.,.F.);
#2292=IFCMAPPEDITEM(#2289,#545);
#2293=IFCSHAPEREPRESENTATION(#15,'Body','MappedRepresentation',(#2292));
#2294=IFCPRODUCTDEFINITIONSHAPE($,$,(#2293));
#2295=IFCCARTESIANPOINT((-12.71843023095189,-2.8271341067225828,0.90000000000000513));
#2296=IFCAXIS2PLACEMENT3D(#2295,#44,#92);
#2298=IFCWINDOW('2VAVo7xAHC8gxIHnduhozS',#6,'M_Window-Casement-Double:1400 x 1800mm:357956',$,$,#3233,#2294,'357956',1.8000000000000029,1.3999999999999988);
#2299=IFCPROPERTYSINGLEVALUE('Reference',$,IFCIDENTIFIER('1400 x 1800mm'),$);
#2300=IFCPROPERTYSET('3h9ttnt3oTnE2so8USWFvS',#6,'Pset_QuantityTakeOff',$,(#2299));
#2301=IFCPROPERTYSINGLEVALUE('FireRating',$,IFCLABEL('0.5h'),$);
#2302=IFCPROPERTYSET('16MhLTLzU_Oa_FSGpgVg_l',#6,'Pset_WindowCommon',$,(#332,#2299,#2301));
#2303=IFCRELDEFINESBYPROPERTIES('0zTcVgUSRcBw1EJa5A2vTA',#6,$,$,(#2298),#2300);
#2304=IFCRELDEFINESBYPROPERTIES('2cQYMeboWCcvyi9B4NYJjg',#6,$,$,(#2298),#2302);
#2305=IFCPROPERTYSINGLEVALUE('FireRating',$,IFCLABEL('0.5h'),$);
#2306=IFCPROPERTYSET('2oefQY$ecgs1yH49h1OXTM',#6,'Pset_WindowCommon',$,(#2305));
#2307=IFCCARTESIANPOINT((0.0063500000000210263,-0.0063500000000302984));
#2308=IFCCARTESIANPOINT((0.8301499999999602,-0.0063500000000302984));
#2309=IFCCARTESIANPOINT((0.83014999999996042,0.0063499999999679759));
#2310=IFCCARTESIANPOINT((0.006350000000030772,0.0063499999999679715));
#2311=IFCCARTESIANPOINT((0.006350000000030635,0.28173750000007519));
#2312=IFCCARTESIANPOINT((-0.0063499999999645828,0.28173750000007519));
#2313=IFCCARTESIANPOINT((-0.0063499999999645819,0.0063499999999766963));
#2314=IFCCARTESIANPOINT((-0.83015000000007277,0.0063499999999766833));
#2315=IFCCARTESIANPOINT((-0.83015000000007277,-0.0063500000000126346));
#2316=IFCCARTESIANPOINT((-0.0063499999999756807,-0.0063500000000126303));
#2317=IFCCARTESIANPOINT((-0.0063499999999756798,-0.28173749999997694));
#2318=IFCCARTESIANPOINT((0.0063500000000210272,-0.28173749999997694));
#2319=IFCPOLYLINE((#2307,#2308,#2309,#2310,#2311,#2312,#2313,#2314,#2315,#2316,#2317,#2318,#2307));
#2320=IFCARBITRARYCLOSEDPROFILEDEF(.AREA.,'M_Muntin Pattern_2x2',#2319);
#2321=IFCCARTESIANPOINT((-0.,0.0095250000000050208,0.83014999999996664));
#2322=IFCAXIS2PLACEMENT3D(#2321,#92,#44);
#2323=IFCEXTRUDEDAREASOLID(#2320,#2322,#44,0.01269999999999603);
#2324=IFCCARTESIANPOINT((0.006350000000010062,-0.0063500000000239476));
#2325=IFCCARTESIANPOINT((0.83015000000006034,-0.0063500000000239476));
#2326=IFCCARTESIANPOINT((0.83015000000006034,0.0063499999999742478));
#2327=IFCCARTESIANPOINT((0.0063500000000122278,0.0063499999999742478));
#2328=IFCCARTESIANPOINT((0.0063500000000120925,0.28173750000006897));
#2329=IFCCARTESIANPOINT((-0.0063499999999870509,0.28173750000006897));
#2330=IFCCARTESIANPOINT((-0.0063499999999870509,0.0063499999999827418));
#2331=IFCCARTESIANPOINT((-0.83015000000010497,0.0063499999999827418));
#2332=IFCCARTESIANPOINT((-0.83015000000010497,-0.0063500000000189056));
#2333=IFCCARTESIANPOINT((-0.0063499999999904353,-0.0063500000000189056));
#2334=IFCCARTESIANPOINT((-0.0063499999999904353,-0.2817374999999831));
#2335=IFCCARTESIANPOINT((0.006350000000010062,-0.2817374999999831));
#2336=IFCPOLYLINE((#2324,#2325,#2326,#2327,#2328,#2329,#2330,#2331,#2332,#2333,#2334,#2335,#2324));
#2337=IFCARBITRARYCLOSEDPROFILEDEF(.AREA.,'M_Muntin Pattern_2x2',#2336);
#2338=IFCCARTESIANPOINT((-0.,-0.022225000000017939,0.83015000000010286));
#2339=IFCAXIS2PLACEMENT3D(#2338,#92,#44);
#2340=IFCEXTRUDEDAREASOLID(#2337,#2339,#44,0.012699999999996062);
#2341=IFCSTYLEDITEM(#2323,(#1592),$);
#2342=IFCSTYLEDITEM(#2340,(#1503),$);
#2343=IFCSHAPEREPRESENTATION(#15,'Body','SweptSolid',(#2323,#2340));
#2344=IFCAXIS2PLACEMENT3D(#10,$,$);
#2345=IFCREPRESENTATIONMAP(#2344,#2343);
#2346=IFCBUILDINGELEMENTPROXYTYPE('2VAVo7xAHC8gxIHnduhoza',#6,'M_Muntin Pattern_2x2:M_Muntin Pattern_2x2',$,$,$,(#2345),'333718',$,.NOTDEFINED.);
#2347=IFCMAPPEDITEM(#2345,#545);
#2348=IFCSHAPEREPRESENTATION(#15,'Body','MappedRepresentation',(#2347));
#2349=IFCPRODUCTDEFINITIONSHAPE($,$,(#2348));
#2350=IFCCARTESIANPOINT((-12.908905230951897,-2.4755466067226211,0.9698499999999759));
#2351=IFCAXIS2PLACEMENT3D(#2350,#44,#92);
#2352=IFCLOCALPLACEMENT(#24,#2351);
#2353=IFCBUILDINGELEMENTPROXY('2VAVo7xAHC8gxIHnduhozV',#6,'M_Muntin Pattern_2x2:M_Muntin Pattern_2x2:357959',$,$,#2352,#2349,'357959',$);
#2354=IFCPROPERTYSET('0B4Hh25JNK1Wfjjfi_y22f',#6,'Pset_BuildingElementProxyCommon',$,(#1612));
#2355=IFCPROPERTYSET('1KDZyp30epw8gb$D$QfSzP',#6,'Pset_QuantityTakeOff',$,(#1612));
#2356=IFCRELDEFINESBYPROPERTIES('2hn9rS5pUJd$D9CL7OYd1Y',#6,$,$,(#2353),#2354);
#2357=IFCRELDEFINESBYPROPERTIES('1NuADJF7HoeLU1uXJSflYD',#6,$,$,(#2353),#2355);
#2358=IFCCARTESIANPOINT((0.0063500000000211616,-0.0063500000000302984));
#2359=IFCCARTESIANPOINT((0.83014999999990036,-0.0063500000000302984));
#2360=IFCCARTESIANPOINT((0.83014999999990058,0.0063499999999679759));
#2361=IFCCARTESIANPOINT((0.0063500000000309073,0.0063499999999679715));
#2362=IFCCARTESIANPOINT((0.0063500000000307711,0.28173750000002956));
#2363=IFCCARTESIANPOINT((-0.0063499999999644475,0.28173750000002956));
#2364=IFCCARTESIANPOINT((-0.0063499999999644466,0.0063499999999766963));
#2365=IFCCARTESIANPOINT((-0.83015000000001282,0.0063499999999766833));
#2366=IFCCARTESIANPOINT((-0.83015000000001282,-0.0063500000000126346));
#2367=IFCCARTESIANPOINT((-0.0063499999999755453,-0.0063500000000126303));
#2368=IFCCARTESIANPOINT((-0.0063499999999755445,-0.28173749999993131));
#2369=IFCCARTESIANPOINT((0.0063500000000211625,-0.28173749999993131));
#2370=IFCPOLYLINE((#2358,#2359,#2360,#2361,#2362,#2363,#2364,#2365,#2366,#2367,#2368,#2369,#2358));
#2371=IFCARBITRARYCLOSEDPROFILEDEF(.AREA.,'M_Muntin Pattern_2x2',#2370);
#2372=IFCCARTESIANPOINT((-0.,-0.022225000000001053,0.83014999999990657));
#2373=IFCAXIS2PLACEMENT3D(#2372,#92,#44);
#2374=IFCEXTRUDEDAREASOLID(#2371,#2373,#44,0.01269999999999603);
#2375=IFCCARTESIANPOINT((0.0063500000000099267,-0.0063500000000239476));
#2376=IFCCARTESIANPOINT((0.8301500000000005,-0.0063500000000239476));
#2377=IFCCARTESIANPOINT((0.8301500000000005,0.0063499999999742478));
#2378=IFCCARTESIANPOINT((0.0063500000000120925,0.0063499999999742478));
#2379=IFCCARTESIANPOINT((0.0063500000000119572,0.28173750000002334));
#2380=IFCCARTESIANPOINT((-0.0063499999999871862,0.28173750000002334));
#2381=IFCCARTESIANPOINT((-0.0063499999999871862,0.0063499999999827418));
#2382=IFCCARTESIANPOINT((-0.83015000000004535,0.0063499999999827418));
#2383=IFCCARTESIANPOINT((-0.83015000000004535,-0.0063500000000189056));
#2384=IFCCARTESIANPOINT((-0.0063499999999905707,-0.0063500000000189056));
#2385=IFCCARTESIANPOINT((-0.0063499999999905707,-0.28173749999993747));
#2386=IFCCARTESIANPOINT((0.0063500000000099267,-0.28173749999993747));
#2387=IFCPOLYLINE((#2375,#2376,#2377,#2378,#2379,#2380,#2381,#2382,#2383,#2384,#2385,#2386,#2375));
#2388=IFCARBITRARYCLOSEDPROFILEDEF(.AREA.,'M_Muntin Pattern_2x2',#2387);
#2389=IFCCARTESIANPOINT((-0.,0.0095250000000218771,0.83015000000004324));
#2390=IFCAXIS2PLACEMENT3D(#2389,#92,#44);
#2391=IFCEXTRUDEDAREASOLID(#2388,#2390,#44,0.012699999999996062);
#2392=IFCSTYLEDITEM(#2374,(#1592),$);
#2393=IFCSTYLEDITEM(#2391,(#1503),$);
#2394=IFCSHAPEREPRESENTATION(#15,'Body','SweptSolid',(#2374,#2391));
#2395=IFCAXIS2PLACEMENT3D(#10,$,$);
#2396=IFCREPRESENTATIONMAP(#2395,#2394);
#2397=IFCBUILDINGELEMENTPROXYTYPE('2VAVo7xAHC8gxIHnduhozb',#6,'M_Muntin Pattern_2x2:M_Muntin Pattern_2x2',$,$,$,(#2396),'333718',$,.NOTDEFINED.);
#2398=IFCMAPPEDITEM(#2396,#545);
#2399=IFCSHAPEREPRESENTATION(#15,'Body','MappedRepresentation',(#2398));
#2400=IFCPRODUCTDEFINITIONSHAPE($,$,(#2399));
#2401=IFCCARTESIANPOINT((-12.908905230951893,-1.778721606722599,0.96985000000003663));
#2402=IFCAXIS2PLACEMENT3D(#2401,#44,#45);
#2403=IFCLOCALPLACEMENT(#24,#2402);
#2404=IFCBUILDINGELEMENTPROXY('2VAVo7xAHC8gxIHnduhozG',#6,'M_Muntin Pattern_2x2:M_Muntin Pattern_2x2:357960',$,$,#2403,#2400,'357960',$);
#2405=IFCPROPERTYSET('1JYrKOyDgH_wmX4nXkshbi',#6,'Pset_BuildingElementProxyCommon',$,(#1612));
#2406=IFCPROPERTYSET('3SY5eSXrXLit6knIgV7_YY',#6,'Pset_QuantityTakeOff',$,(#1612));
#2407=IFCRELDEFINESBYPROPERTIES('0XnsMmpSR3jE6d9OZlr243',#6,$,$,(#2404),#2405);
#2408=IFCRELDEFINESBYPROPERTIES('09yAJemhTHk8IaWcSGNg51',#6,$,$,(#2404),#2406);
#2409=IFCCARTESIANPOINT((0.,-1.3530843112619095E-016));
#2410=IFCAXIS2PLACEMENT2D(#2409,#40);
#2411=IFCRECTANGLEPROFILEDEF(.AREA.,'with Sill',#2410,1.5199999999999989,0.060000000000000164);
#2412=IFCCARTESIANPOINT((0.,-1.8504323708847261,-0.));
#2413=IFCAXIS2PLACEMENT3D(#2412,#44,#135);
#2414=IFCEXTRUDEDAREASOLID(#2411,#2413,#44,0.019049999999999997);
#2415=IFCCARTESIANPOINT((-0.019049999999992424,-0.015239599102064287));
#2416=IFCCARTESIANPOINT((0.,-0.015239599102064287));
#2417=IFCCARTESIANPOINT((0.,-0.0056719699867791894));
#2418=IFCCARTESIANPOINT((0.019049999999971076,-0.0056719699867791894));
#2419=IFCCARTESIANPOINT((0.019049999999971076,0.014760400897936744));
#2420=IFCCARTESIANPOINT((0.,0.014760400897936744));
#2421=IFCCARTESIANPOINT((-0.019049999999992424,0.012302336381811029));
#2422=IFCPOLYLINE((#2415,#2416,#2417,#2418,#2419,#2420,#2421,#2415));
#2423=IFCARBITRARYCLOSEDPROFILEDEF(.AREA.,'with Sill',#2422);
#2424=IFCCARTESIANPOINT((-0.77269999999999261,-1.8147604008979425,0.019049999999977148));
#2425=IFCAXIS2PLACEMENT3D(#2424,#495,#414);
#2426=IFCEXTRUDEDAREASOLID(#2423,#2425,#44,1.5454000000000065);
#2427=IFCCARTESIANPOINT((-0.9450000000000004,-0.76000000000000045));
#2428=IFCCARTESIANPOINT((0.91499999999999937,-0.76000000000000045));
#2429=IFCCARTESIANPOINT((0.91499999999999937,-0.69999999999999851));
#2430=IFCCARTESIANPOINT((-0.88499999999999812,-0.6999999999999984));
#2431=IFCCARTESIANPOINT((-0.88499999999999812,0.70000000000000062));
#2432=IFCCARTESIANPOINT((0.91499999999999937,0.70000000000000062));
#2433=IFCCARTESIANPOINT((0.91499999999999937,0.75999999999999834));
#2434=IFCCARTESIANPOINT((-0.9450000000000004,0.75999999999999834));
#2435=IFCPOLYLINE((#2427,#2428,#2429,#2430,#2431,#2432,#2433,#2434,#2427));
#2436=IFCARBITRARYCLOSEDPROFILEDEF(.AREA.,'with Sill',#2435);
#2437=IFCCARTESIANPOINT((0.,-0.88500000000000645,-0.));
#2438=IFCAXIS2PLACEMENT3D(#2437,#44,#45);
#2439=IFCEXTRUDEDAREASOLID(#2436,#2438,#44,0.019049999999999997);
#2440=IFCSTYLEDITEM(#2414,(#1592),$);
#2441=IFCSTYLEDITEM(#2426,(#1592),$);
#2442=IFCSTYLEDITEM(#2439,(#1592),$);
#2443=IFCSHAPEREPRESENTATION(#15,'Body','SweptSolid',(#2414,#2426,#2439));
#2444=IFCAXIS2PLACEMENT3D(#10,$,$);
#2445=IFCREPRESENTATIONMAP(#2444,#2443);
#2446=IFCBUILDINGELEMENTPROXYTYPE('2VAVo7xAHC8gxIHnduhozc',#6,'M_Trim-Window-Exterior-Flat:with Sill',$,$,$,(#2445),'333704',$,.NOTDEFINED.);
#2447=IFCMAPPEDITEM(#2445,#545);
#2448=IFCSHAPEREPRESENTATION(#15,'Body','MappedRepresentation',(#2447));
#2449=IFCPRODUCTDEFINITIONSHAPE($,$,(#2448));
#2450=IFCCARTESIANPOINT((-12.918430230951888,-2.1271341067225795,2.7000000000000166));
#2451=IFCAXIS2PLACEMENT3D(#2450,#135,#45);
#2452=IFCLOCALPLACEMENT(#24,#2451);
#2453=IFCBUILDINGELEMENTPROXY('2VAVo7xAHC8gxIHnduhozH',#6,'M_Trim-Window-Exterior-Flat:with Sill:357961',$,$,#2452,#2449,'357961',$);
#2454=IFCPROPERTYSET('1JDAUhFHgL$J_$yr9lvA$2',#6,'Pset_BuildingElementProxyCommon',$,(#1713));
#2455=IFCPROPERTYSET('3SkXdhY4tYomnatCHvAxdk',#6,'Pset_QuantityTakeOff',$,(#1713));
#2456=IFCRELDEFINESBYPROPERTIES('13avX2QDBc9Mv47CuIyN4f',#6,$,$,(#2453),#2454);
#2457=IFCRELDEFINESBYPROPERTIES('1eaOLBWtjdJo1aP40rdw2p',#6,$,$,(#2453),#2455);
#2458=IFCCARTESIANPOINT((-0.74729999999999819,-0.94729999999999392));
#2459=IFCCARTESIANPOINT((0.74729999999999819,-0.94729999999999392));
#2460=IFCCARTESIANPOINT((0.74729999999999852,0.94729999999999392));
#2461=IFCCARTESIANPOINT((-0.74729999999999819,0.94729999999999392));
#2462=IFCPOLYLINE((#2458,#2459,#2460,#2461,#2458));
#2463=IFCCARTESIANPOINT((-0.68730000000000235,-0.88729999999999154));
#2464=IFCCARTESIANPOINT((-0.68730000000000235,0.88729999999999243));
#2465=IFCCARTESIANPOINT((0.68729999999999725,0.88729999999999243));
#2466=IFCCARTESIANPOINT((0.68729999999999725,-0.88729999999999154));
#2467=IFCPOLYLINE((#2463,#2464,#2465,#2466,#2463));
#2468=IFCARBITRARYPROFILEDEFWITHVOIDS(.AREA.,'Picture Frame',#2462,(#2467));
#2469=IFCCARTESIANPOINT((0.,-0.90000000000001656,-0.));
#2470=IFCAXIS2PLACEMENT3D(#2469,#44,#135);
#2471=IFCEXTRUDEDAREASOLID(#2468,#2470,#44,0.029999999999999999);
#2472=IFCSTYLEDITEM(#2471,(#1503),$);
#2473=IFCSHAPEREPRESENTATION(#15,'Body','SweptSolid',(#2471));
#2474=IFCAXIS2PLACEMENT3D(#10,$,$);
#2475=IFCREPRESENTATIONMAP(#2474,#2473);
#2476=IFCBUILDINGELEMENTPROXYTYPE('2VAVo7xAHC8gxIHnduhozd',#6,'M_Trim-Window-Interior-Flat:Picture Frame',$,$,$,(#2475),'333714',$,.NOTDEFINED.);
#2477=IFCMAPPEDITEM(#2475,#545);
#2478=IFCSHAPEREPRESENTATION(#15,'Body','MappedRepresentation',(#2477));
#2479=IFCPRODUCTDEFINITIONSHAPE($,$,(#2478));
#2480=IFCCARTESIANPOINT((-12.71843023095189,-2.1271341067225915,2.7000000000000171));
#2481=IFCAXIS2PLACEMENT3D(#2480,#495,#92);
#2483=IFCCARTESIANPOINT((-12.71843023095189,-2.1271341067225915,2.7000000000000171));
#2484=IFCAXIS2PLACEMENT3D(#2483,#495,#92);
#2485=IFCLOCALPLACEMENT(#66,#2484);
#2486=IFCBUILDINGELEMENTPROXY('2VAVo7xAHC8gxIHnduhozI',#6,'M_Trim-Window-Interior-Flat:Picture Frame:357962',$,$,#2485,#2479,'357962',$);
#2487=IFCPROPERTYSET('1qPX_2fddTSnpw0Q9tUTlS',#6,'Pset_BuildingElementProxyCommon',$,(#1747));
#2488=IFCPROPERTYSET('1cicTvkNcoJG0eRNfp1D8M',#6,'Pset_QuantityTakeOff',$,(#1747));
#2489=IFCRELDEFINESBYPROPERTIES('2F5s8AhQpr_S$pT4yypSC$',#6,$,$,(#2486),#2487);
#2490=IFCRELDEFINESBYPROPERTIES('111d$qX5DYltM8amnoU2_v',#6,$,$,(#2486),#2488);
#2491=IFCMAPPEDITEM(#2289,#545);
#2492=IFCSHAPEREPRESENTATION(#15,'Body','MappedRepresentation',(#2491));
#2493=IFCPRODUCTDEFINITIONSHAPE($,$,(#2492));
#2494=IFCCARTESIANPOINT((-12.718430230951896,-6.0271341067225652,0.90000000000000513));
#2495=IFCAXIS2PLACEMENT3D(#2494,#44,#92);
#2497=IFCWINDOW('2VAVo7xAHC8gxIHnduho_H',#6,'M_Window-Casement-Double:1400 x 1800mm:358025',$,$,#3248,#2493,'358025',1.8000000000000029,1.399999999999999);
#2498=IFCPROPERTYSET('16EzDSL9_WaBZpBGJahuHd',#6,'Pset_QuantityTakeOff',$,(#2299));
#2499=IFCPROPERTYSINGLEVALUE('FireRating',$,IFCLABEL('0.5h'),$);
#2500=IFCPROPERTYSET('3wkDW3HgDie67Y46ifxLZ0',#6,'Pset_WindowCommon',$,(#332,#2299,#2499));
#2501=IFCRELDEFINESBYPROPERTIES('2kHgHz5lbTcr4oNfSGMS2Y',#6,$,$,(#2497),#2498);
#2502=IFCRELDEFINESBYPROPERTIES('0cdLzam873xBSYSJrra2oT',#6,$,$,(#2497),#2500);
#2503=IFCMAPPEDITEM(#2345,#545);
#2504=IFCSHAPEREPRESENTATION(#15,'Body','MappedRepresentation',(#2503));
#2505=IFCPRODUCTDEFINITIONSHAPE($,$,(#2504));
#2506=IFCCARTESIANPOINT((-12.908905230951902,-5.6755466067226026,0.9698499999999759));
#2507=IFCAXIS2PLACEMENT3D(#2506,#44,#92);
#2508=IFCLOCALPLACEMENT(#24,#2507);
#2509=IFCBUILDINGELEMENTPROXY('2VAVo7xAHC8gxIHnduho_K',#6,'M_Muntin Pattern_2x2:M_Muntin Pattern_2x2:358028',$,$,#2508,#2505,'358028',$);
#2510=IFCPROPERTYSET('1czWQ$a$L8GAmlUo1d9Vxp',#6,'Pset_BuildingElementProxyCommon',$,(#1612));
#2511=IFCPROPERTYSET('268bpVlY4HMyAmr7mDr0q5',#6,'Pset_QuantityTakeOff',$,(#1612));
#2512=IFCRELDEFINESBYPROPERTIES('15OfNBuBY7VCVDmAUcHTBn',#6,$,$,(#2509),#2510);
#2513=IFCRELDEFINESBYPROPERTIES('0lysNpdFug_zyw8Ej1v__L',#6,$,$,(#2509),#2511);
#2514=IFCMAPPEDITEM(#2396,#545);
#2515=IFCSHAPEREPRESENTATION(#15,'Body','MappedRepresentation',(#2514));
#2516=IFCPRODUCTDEFINITIONSHAPE($,$,(#2515));
#2517=IFCCARTESIANPOINT((-12.908905230951897,-4.9787216067225808,0.96985000000003663));
#2518=IFCAXIS2PLACEMENT3D(#2517,#44,#45);
#2519=IFCLOCALPLACEMENT(#24,#2518);
#2520=IFCBUILDINGELEMENTPROXY('2VAVo7xAHC8gxIHnduho_L',#6,'M_Muntin Pattern_2x2:M_Muntin Pattern_2x2:358029',$,$,#2519,#2516,'358029',$);
#2521=IFCPROPERTYSET('1ocKWOgQqxwK_UEtFWTD8Z',#6,'Pset_BuildingElementProxyCommon',$,(#1612));
#2522=IFCPROPERTYSET('0JjNROVKy9jt2kJr0FyBne',#6,'Pset_QuantityTakeOff',$,(#1612));
#2523=IFCRELDEFINESBYPROPERTIES('3GM1aE_iElm8EJkYogrGVk',#6,$,$,(#2520),#2521);
#2524=IFCRELDEFINESBYPROPERTIES('0VaLMMbn0XcWBseFo__Fs$',#6,$,$,(#2520),#2522);
#2525=IFCMAPPEDITEM(#2445,#545);
#2526=IFCSHAPEREPRESENTATION(#15,'Body','MappedRepresentation',(#2525));
#2527=IFCPRODUCTDEFINITIONSHAPE($,$,(#2526));
#2528=IFCCARTESIANPOINT((-12.918430230951893,-5.3271341067225615,2.7000000000000166));
#2529=IFCAXIS2PLACEMENT3D(#2528,#135,#45);
#2530=IFCLOCALPLACEMENT(#24,#2529);
#2531=IFCBUILDINGELEMENTPROXY('2VAVo7xAHC8gxIHnduho_M',#6,'M_Trim-Window-Exterior-Flat:with Sill:358030',$,$,#2530,#2527,'358030',$);
#2532=IFCPROPERTYSET('1ir4ovrQk1moNPWcuCjhZ7',#6,'Pset_BuildingElementProxyCommon',$,(#1713));
#2533=IFCPROPERTYSET('2v6mNjgYG8JilsGdzh3lPT',#6,'Pset_QuantityTakeOff',$,(#1713));
#2534=IFCRELDEFINESBYPROPERTIES('0zgzmZjDB446r9AsPRY4Hj',#6,$,$,(#2531),#2532);
#2535=IFCRELDEFINESBYPROPERTIES('2fvhGO_NVf_a_odtm9_VzG',#6,$,$,(#2531),#2533);
#2536=IFCMAPPEDITEM(#2475,#545);
#2537=IFCSHAPEREPRESENTATION(#15,'Body','MappedRepresentation',(#2536));
#2538=IFCPRODUCTDEFINITIONSHAPE($,$,(#2537));
#2539=IFCCARTESIANPOINT((-12.718430230951896,-5.327134106722573,2.7000000000000171));
#2540=IFCAXIS2PLACEMENT3D(#2539,#495,#92);
#2542=IFCCARTESIANPOINT((-12.718430230951896,-5.327134106722573,2.7000000000000171));
#2543=IFCAXIS2PLACEMENT3D(#2542,#495,#92);
#2544=IFCLOCALPLACEMENT(#66,#2543);
#2545=IFCBUILDINGELEMENTPROXY('2VAVo7xAHC8gxIHnduho_N',#6,'M_Trim-Window-Interior-Flat:Picture Frame:358031',$,$,#2544,#2538,'358031',$);
#2546=IFCPROPERTYSET('0EArAgGeIZox8aYcYcIMcr',#6,'Pset_BuildingElementProxyCommon',$,(#1747));
#2547=IFCPROPERTYSET('22AJ8i39cE0Ob4m$l6ei2f',#6,'Pset_QuantityTakeOff',$,(#1747));
#2548=IFCRELDEFINESBYPROPERTIES('1MSr$EFrvPHYHW1Tthsz9e',#6,$,$,(#2545),#2546);
#2549=IFCRELDEFINESBYPROPERTIES('2KExlZYYH$pdVWZCl8oZ22',#6,$,$,(#2545),#2547);
#2550=IFCMAPPEDITEM(#2289,#545);
#2551=IFCSHAPEREPRESENTATION(#15,'Body','MappedRepresentation',(#2550));
#2552=IFCPRODUCTDEFINITIONSHAPE($,$,(#2551));
#2553=IFCCARTESIANPOINT((-1.4184302309518959,-7.8271341067225837,0.90000000000000513));
#2554=IFCAXIS2PLACEMENT3D(#2553,#44,#135);
#2556=IFCWINDOW('2VAVo7xAHC8gxIHnduho$P',#6,'M_Window-Casement-Double:1400 x 1800mm:358081',$,$,#3458,#2552,'358081',1.8000000000000029,1.399999999999999);
#2557=IFCPROPERTYSET('3ambERkiWjO0q0L6IQO3Ah',#6,'Pset_QuantityTakeOff',$,(#2299));
#2558=IFCPROPERTYSINGLEVALUE('FireRating',$,IFCLABEL('0.5h'),$);
#2559=IFCPROPERTYSET('1CmdzU9J$k$qoWOcqpf0$a',#6,'Pset_WindowCommon',$,(#332,#2299,#2558));
#2560=IFCRELDEFINESBYPROPERTIES('25$yhEyzEK6c5__9xLILBU',#6,$,$,(#2556),#2557);
#2561=IFCRELDEFINESBYPROPERTIES('2WMNsKnWyslvO2UEUS1SiG',#6,$,$,(#2556),#2559);
#2562=IFCMAPPEDITEM(#2345,#545);
#2563=IFCSHAPEREPRESENTATION(#15,'Body','MappedRepresentation',(#2562));
#2564=IFCPRODUCTDEFINITIONSHAPE($,$,(#2563));
#2565=IFCCARTESIANPOINT((-1.7700177309518579,-8.0176091067225901,0.9698499999999759));
#2566=IFCAXIS2PLACEMENT3D(#2565,#44,#135);
#2567=IFCLOCALPLACEMENT(#24,#2566);
#2568=IFCBUILDINGELEMENTPROXY('2VAVo7xAHC8gxIHnduho$S',#6,'M_Muntin Pattern_2x2:M_Muntin Pattern_2x2:358084',$,$,#2567,#2564,'358084',$);
#2569=IFCPROPERTYSET('0xRA57EO8BS_Z5zNatv9ve',#6,'Pset_BuildingElementProxyCommon',$,(#1612));
#2570=IFCPROPERTYSET('2dEvn1RXYfxz$1B46eSCz1',#6,'Pset_QuantityTakeOff',$,(#1612));
#2571=IFCRELDEFINESBYPROPERTIES('0Sv3cvAGbDPOlAxDLxKYFY',#6,$,$,(#2568),#2569);
#2572=IFCRELDEFINESBYPROPERTIES('3415md0zQ8EeIbuWN2E7gR',#6,$,$,(#2568),#2570);
#2573=IFCMAPPEDITEM(#2396,#545);
#2574=IFCSHAPEREPRESENTATION(#15,'Body','MappedRepresentation',(#2573));
#2575=IFCPRODUCTDEFINITIONSHAPE($,$,(#2574));
#2576=IFCCARTESIANPOINT((-2.4668427309518801,-8.017609106722583,0.96985000000003663));
#2577=IFCAXIS2PLACEMENT3D(#2576,$,$);
#2578=IFCLOCALPLACEMENT(#24,#2577);
#2579=IFCBUILDINGELEMENTPROXY('2VAVo7xAHC8gxIHnduho$T',#6,'M_Muntin Pattern_2x2:M_Muntin Pattern_2x2:358085',$,$,#2578,#2575,'358085',$);
#2580=IFCPROPERTYSET('13lGsRuSn9isInl$e4FRKS',#6,'Pset_BuildingElementProxyCommon',$,(#1612));
#2581=IFCPROPERTYSET('217tKhn6i8wMMC7i3ZjzAV',#6,'Pset_QuantityTakeOff',$,(#1612));
#2582=IFCRELDEFINESBYPROPERTIES('3MqY1DjXycMm5lr2e6nTwu',#6,$,$,(#2579),#2580);
#2583=IFCRELDEFINESBYPROPERTIES('056mNnnh0GzCVZosxOYZ4e',#6,$,$,(#2579),#2581);
#2584=IFCMAPPEDITEM(#2445,#545);
#2585=IFCSHAPEREPRESENTATION(#15,'Body','MappedRepresentation',(#2584));
#2586=IFCPRODUCTDEFINITIONSHAPE($,$,(#2585));
#2587=IFCCARTESIANPOINT((-2.1184302309518994,-8.0271341067225812,2.7000000000000166));
#2588=IFCAXIS2PLACEMENT3D(#2587,#45,#495);
#2589=IFCLOCALPLACEMENT(#24,#2588);
#2590=IFCBUILDINGELEMENTPROXY('2VAVo7xAHC8gxIHnduho$U',#6,'M_Trim-Window-Exterior-Flat:with Sill:358086',$,$,#2589,#2586,'358086',$);
#2591=IFCPROPERTYSET('2mpRvtnQbNn0SEuw7sGLfd',#6,'Pset_BuildingElementProxyCommon',$,(#1713));
#2592=IFCPROPERTYSET('1tIryxn5O1QsQf082ZalY4',#6,'Pset_QuantityTakeOff',$,(#1713));
#2593=IFCRELDEFINESBYPROPERTIES('0_LxJWnZeXFZQFX6EdBGh8',#6,$,$,(#2590),#2591);
#2594=IFCRELDEFINESBYPROPERTIES('1NGVt1TU0douNKVmzK4R2h',#6,$,$,(#2590),#2592);
#2595=IFCMAPPEDITEM(#2475,#545);
#2596=IFCSHAPEREPRESENTATION(#15,'Body','MappedRepresentation',(#2595));
#2597=IFCPRODUCTDEFINITIONSHAPE($,$,(#2596));
#2598=IFCCARTESIANPOINT((-2.1184302309518874,-7.827134106722581,2.7000000000000171));
#2599=IFCAXIS2PLACEMENT3D(#2598,#92,#135);
#2601=IFCCARTESIANPOINT((-2.1184302309518874,-7.827134106722581,2.7000000000000171));
#2602=IFCAXIS2PLACEMENT3D(#2601,#92,#135);
#2603=IFCLOCALPLACEMENT(#109,#2602);
#2604=IFCBUILDINGELEMENTPROXY('2VAVo7xAHC8gxIHnduho$V',#6,'M_Trim-Window-Interior-Flat:Picture Frame:358087',$,$,#2603,#2597,'358087',$);
#2605=IFCPROPERTYSET('3ns16qn6ygdOq_5DQrpbmK',#6,'Pset_BuildingElementProxyCommon',$,(#1747));
#2606=IFCPROPERTYSET('1nB5eNuY3YNLfoW1gUmZ$O',#6,'Pset_QuantityTakeOff',$,(#1747));
#2607=IFCRELDEFINESBYPROPERTIES('2ulV1QMP8SEP1zW3Z_Ac7N',#6,$,$,(#2604),#2605);
#2608=IFCRELDEFINESBYPROPERTIES('3qXVvJ2WM65oBDiiURNVH2',#6,$,$,(#2604),#2606);
#2609=IFCMAPPEDITEM(#2289,#545);
#2610=IFCSHAPEREPRESENTATION(#15,'Body','MappedRepresentation',(#2609));
#2611=IFCPRODUCTDEFINITIONSHAPE($,$,(#2610));
#2612=IFCCARTESIANPOINT((-1.7184302309518773,3.8728658932774045,0.90000000000000513));
#2613=IFCAXIS2PLACEMENT3D(#2612,$,$);
#2615=IFCWINDOW('2VAVo7xAHC8gxIHnduho$b',#6,'M_Window-Casement-Double:1400 x 1800mm:358141',$,$,#3323,#2611,'358141',1.8000000000000029,1.3999999999999988);
#2616=IFCPROPERTYSET('1rH_4RPSceGF2X8A4Mu8qI',#6,'Pset_QuantityTakeOff',$,(#2299));
#2617=IFCPROPERTYSINGLEVALUE('FireRating',$,IFCLABEL('0.5h'),$);
#2618=IFCPROPERTYSET('3k$a0AUg72hLPrw7USe4br',#6,'Pset_WindowCommon',$,(#332,#2299,#2617));
#2619=IFCRELDEFINESBYPROPERTIES('1v7mrpS8tv5ukINUtbqCyt',#6,$,$,(#2615),#2616);
#2620=IFCRELDEFINESBYPROPERTIES('1jMXY7yrIabuy44E6XNlGM',#6,$,$,(#2615),#2618);
#2621=IFCMAPPEDITEM(#2345,#545);
#2622=IFCSHAPEREPRESENTATION(#15,'Body','MappedRepresentation',(#2621));
#2623=IFCPRODUCTDEFINITIONSHAPE($,$,(#2622));
#2624=IFCCARTESIANPOINT((-1.3668427309519158,4.0633408932774113,0.9698499999999759));
#2625=IFCAXIS2PLACEMENT3D(#2624,$,$);
#2626=IFCLOCALPLACEMENT(#24,#2625);
#2627=IFCBUILDINGELEMENTPROXY('2VAVo7xAHC8gxIHnduhouO',#6,'M_Muntin Pattern_2x2:M_Muntin Pattern_2x2:358144',$,$,#2626,#2623,'358144',$);
#2628=IFCPROPERTYSET('09IGQDTYJAjJBL$iLnG_N_',#6,'Pset_BuildingElementProxyCommon',$,(#1612));
#2629=IFCPROPERTYSET('2R0juXS1vSjSsAKI79ZoQk',#6,'Pset_QuantityTakeOff',$,(#1612));
#2630=IFCRELDEFINESBYPROPERTIES('1qLO8PJpaaVtHbOnAK$IFm',#6,$,$,(#2627),#2628);
#2631=IFCRELDEFINESBYPROPERTIES('0Pw2E59LeDCTZU28wbRUaH',#6,$,$,(#2627),#2629);
#2632=IFCMAPPEDITEM(#2396,#545);
#2633=IFCSHAPEREPRESENTATION(#15,'Body','MappedRepresentation',(#2632));
#2634=IFCPRODUCTDEFINITIONSHAPE($,$,(#2633));
#2635=IFCCARTESIANPOINT((-0.67001773095189388,4.0633408932774078,0.96985000000003663));
#2636=IFCAXIS2PLACEMENT3D(#2635,#44,#135);
#2637=IFCLOCALPLACEMENT(#24,#2636);
#2638=IFCBUILDINGELEMENTPROXY('2VAVo7xAHC8gxIHnduhouP',#6,'M_Muntin Pattern_2x2:M_Muntin Pattern_2x2:358145',$,$,#2637,#2634,'358145',$);
#2639=IFCPROPERTYSET('1a70$3O5c31HRREjktaEv7',#6,'Pset_BuildingElementProxyCommon',$,(#1612));
#2640=IFCPROPERTYSET('0MMYdB_bbdZKhfP70__gpl',#6,'Pset_QuantityTakeOff',$,(#1612));
#2641=IFCRELDEFINESBYPROPERTIES('0jzRhuWZDuIKF6K2PZ_ztf',#6,$,$,(#2638),#2639);
#2642=IFCRELDEFINESBYPROPERTIES('13tmisXe2Ep35TjUVbHTI2',#6,$,$,(#2638),#2640);
#2643=IFCMAPPEDITEM(#2445,#545);
#2644=IFCSHAPEREPRESENTATION(#15,'Body','MappedRepresentation',(#2643));
#2645=IFCPRODUCTDEFINITIONSHAPE($,$,(#2644));
#2646=IFCCARTESIANPOINT((-1.0184302309518745,4.0728658932774042,2.7000000000000166));
#2647=IFCAXIS2PLACEMENT3D(#2646,#92,#135);
#2648=IFCLOCALPLACEMENT(#24,#2647);
#2649=IFCBUILDINGELEMENTPROXY('2VAVo7xAHC8gxIHnduhouQ',#6,'M_Trim-Window-Exterior-Flat:with Sill:358146',$,$,#2648,#2645,'358146',$);
#2650=IFCPROPERTYSET('0X4dDhlfuvhGgxyX8sIvar',#6,'Pset_BuildingElementProxyCommon',$,(#1713));
#2651=IFCPROPERTYSET('1Zy7uG5hil_1Gmn9NZseYP',#6,'Pset_QuantityTakeOff',$,(#1713));
#2652=IFCRELDEFINESBYPROPERTIES('2Kw_57SPVhwWW8plVq0Tj6',#6,$,$,(#2649),#2650);
#2653=IFCRELDEFINESBYPROPERTIES('3QTC5ZgZzK8ED494bWzjwd',#6,$,$,(#2649),#2651);
#2654=IFCMAPPEDITEM(#2475,#545);
#2655=IFCSHAPEREPRESENTATION(#15,'Body','MappedRepresentation',(#2654));
#2656=IFCPRODUCTDEFINITIONSHAPE($,$,(#2655));
#2657=IFCCARTESIANPOINT((-1.0184302309518856,3.8728658932774045,2.7000000000000171));
#2658=IFCAXIS2PLACEMENT3D(#2657,#45,#495);
#2660=IFCCARTESIANPOINT((-1.0184302309518856,3.8728658932774045,2.7000000000000171));
#2661=IFCAXIS2PLACEMENT3D(#2660,#45,#495);
#2662=IFCLOCALPLACEMENT(#152,#2661);
#2663=IFCBUILDINGELEMENTPROXY('2VAVo7xAHC8gxIHnduhouR',#6,'M_Trim-Window-Interior-Flat:Picture Frame:358147',$,$,#2662,#2656,'358147',$);
#2664=IFCPROPERTYSET('3FM$nGq1n_6QD8rkHyC68_',#6,'Pset_BuildingElementProxyCommon',$,(#1747));
#2665=IFCPROPERTYSET('29osHvepYCqMV9Y4DgXM6B',#6,'Pset_QuantityTakeOff',$,(#1747));
#2666=IFCRELDEFINESBYPROPERTIES('3KJkkkt44xcCUsYMR5ElcR',#6,$,$,(#2663),#2664);
#2667=IFCRELDEFINESBYPROPERTIES('343R_rJsuJk3AjHwFGqIu7',#6,$,$,(#2663),#2665);
#2668=IFCMAPPEDITEM(#1080,#545);
#2669=IFCSHAPEREPRESENTATION(#15,'Body','MappedRepresentation',(#2668));
#2670=IFCPRODUCTDEFINITIONSHAPE($,$,(#2669));
#2671=IFCCARTESIANPOINT((-7.2714302309518768,3.8728658932774058,0.91500000000000425));
#2672=IFCAXIS2PLACEMENT3D(#2671,$,$);
#2674=IFCWINDOW('2VAVo7xAHC8gxIHnduhovL',#6,'M_Fixed:0406 x 0610mm:358221',$,$,#3338,#2670,'358221',0.60999999999999999,0.40599999999999975);
#2675=IFCPROPERTYSET('0zxYCgbzeP9p$Bzp2vpq$r',#6,'Pset_QuantityTakeOff',$,(#1101));
#2676=IFCPROPERTYSET('2XkJzE5WQBv83C9LO8MR9f',#6,'Pset_WindowCommon',$,(#332,#1101));
#2677=IFCRELDEFINESBYPROPERTIES('2_yIaGNqeiikzyYlZpaCIr',#6,$,$,(#2674),#2675);
#2678=IFCRELDEFINESBYPROPERTIES('2SkXOs_KAYBT5VhiTkuLPz',#6,$,$,(#2674),#2676);
#2679=IFCMAPPEDITEM(#1531,#545);
#2680=IFCSHAPEREPRESENTATION(#15,'Body','MappedRepresentation',(#2679));
#2681=IFCPRODUCTDEFINITIONSHAPE($,$,(#2680));
#2682=IFCCARTESIANPOINT((3.1815697690481195,2.4978658932773854,0.90000000000000546));
#2683=IFCAXIS2PLACEMENT3D(#2682,#44,#45);
#2685=IFCWINDOW('2VAVo7xAHC8gxIHnduhovM',#6,'M_Window-Casement-Double:1050 x 1350mm:358222',$,$,#3413,#2681,'358222',1.3500000000000028,1.0499999999999996);
#2686=IFCPROPERTYSET('3Heydk0_wLuBWn1B_$tqRM',#6,'Pset_QuantityTakeOff',$,(#1547));
#2687=IFCPROPERTYSINGLEVALUE('FireRating',$,IFCLABEL('0.5h'),$);
#2688=IFCPROPERTYSET('0yFwQ5WTtVSuEa6Y_6J5dV',#6,'Pset_WindowCommon',$,(#332,#1547,#2687));
#2689=IFCRELDEFINESBYPROPERTIES('0ba81Az7z4H44ffOB6d01G',#6,$,$,(#2685),#2686);
#2690=IFCRELDEFINESBYPROPERTIES('1IyH3fPE07hEnYmfWPa9t3',#6,$,$,(#2685),#2688);
#2691=IFCMAPPEDITEM(#1597,#545);
#2692=IFCSHAPEREPRESENTATION(#15,'Body','MappedRepresentation',(#2691));
#2693=IFCPRODUCTDEFINITIONSHAPE($,$,(#2692));
#2694=IFCCARTESIANPOINT((3.3720447690481254,2.2337783932774231,0.96984999999997656));
#2695=IFCAXIS2PLACEMENT3D(#2694,#44,#45);
#2696=IFCLOCALPLACEMENT(#28,#2695);
#2697=IFCBUILDINGELEMENTPROXY('2VAVo7xAHC8gxIHnduhovN',#6,'M_Muntin Pattern_2x2:M_Muntin Pattern_2x2:358223',$,$,#2696,#2693,'358223',$);
#2698=IFCPROPERTYSET('0G7uvlSK4M5B80TXah7Bb5',#6,'Pset_BuildingElementProxyCommon',$,(#1612));
#2699=IFCPROPERTYSET('090T0eTvxrXzzgKOtStyDs',#6,'Pset_QuantityTakeOff',$,(#1612));
#2700=IFCRELDEFINESBYPROPERTIES('1lFbzDSZdpZ7eeB1eVO5UW',#6,$,$,(#2697),#2698);
#2701=IFCRELDEFINESBYPROPERTIES('0piLmDwmICqh$uys_2Q7_5',#6,$,$,(#2697),#2699);
#2702=IFCMAPPEDITEM(#1655,#545);
#2703=IFCSHAPEREPRESENTATION(#15,'Body','MappedRepresentation',(#2702));
#2704=IFCPRODUCTDEFINITIONSHAPE($,$,(#2703));
#2705=IFCCARTESIANPOINT((3.3720447690481219,1.7119533932774011,0.96985000000003729));
#2706=IFCAXIS2PLACEMENT3D(#2705,#44,#92);
#2707=IFCLOCALPLACEMENT(#28,#2706);
#2708=IFCBUILDINGELEMENTPROXY('2VAVo7xAHC8gxIHnduhov8',#6,'M_Muntin Pattern_2x2:M_Muntin Pattern_2x2:358224',$,$,#2707,#2704,'358224',$);
#2709=IFCPROPERTYSET('1Pm04C7aPH_dZrBgn0RMBq',#6,'Pset_BuildingElementProxyCommon',$,(#1612));
#2710=IFCPROPERTYSET('27jhOI$gCJ2LQHVUU7m6Mx',#6,'Pset_QuantityTakeOff',$,(#1612));
#2711=IFCRELDEFINESBYPROPERTIES('0wFlzO49bRvfvaqApt0_NI',#6,$,$,(#2708),#2709);
#2712=IFCRELDEFINESBYPROPERTIES('3vBiPYD_6lVM$mSH3RFg_I',#6,$,$,(#2708),#2710);
#2713=IFCMAPPEDITEM(#1704,#545);
#2714=IFCSHAPEREPRESENTATION(#15,'Body','MappedRepresentation',(#2713));
#2715=IFCPRODUCTDEFINITIONSHAPE($,$,(#2714));
#2716=IFCCARTESIANPOINT((3.3815697690481183,1.9728658932773819,2.250000000000016));
#2717=IFCAXIS2PLACEMENT3D(#2716,#495,#92);
#2718=IFCLOCALPLACEMENT(#28,#2717);
#2719=IFCBUILDINGELEMENTPROXY('2VAVo7xAHC8gxIHnduhov9',#6,'M_Trim-Window-Exterior-Flat:with Sill:358225',$,$,#2718,#2715,'358225',$);
#2720=IFCPROPERTYSET('3Rswzeel3u8dekucJryAov',#6,'Pset_BuildingElementProxyCommon',$,(#1713));
#2721=IFCPROPERTYSET('2_nCTc$ESyAl78o6sRi882',#6,'Pset_QuantityTakeOff',$,(#1713));
#2722=IFCRELDEFINESBYPROPERTIES('1jN15sf08Ssvrs8HeTR4_e',#6,$,$,(#2719),#2720);
#2723=IFCRELDEFINESBYPROPERTIES('1KANkmPGor92f2Epeyi4c2',#6,$,$,(#2719),#2721);
#2724=IFCMAPPEDITEM(#1735,#545);
#2725=IFCSHAPEREPRESENTATION(#15,'Body','MappedRepresentation',(#2724));
#2726=IFCPRODUCTDEFINITIONSHAPE($,$,(#2725));
#2727=IFCCARTESIANPOINT((3.1815697690481186,1.9728658932773935,2.2500000000000169));
#2728=IFCAXIS2PLACEMENT3D(#2727,#135,#45);
#2730=IFCCARTESIANPOINT((3.1815697690481186,1.9728658932773935,2.2500000000000169));
#2731=IFCAXIS2PLACEMENT3D(#2730,#135,#45);
#2732=IFCLOCALPLACEMENT(#278,#2731);
#2733=IFCBUILDINGELEMENTPROXY('2VAVo7xAHC8gxIHnduhovA',#6,'M_Trim-Window-Interior-Flat:Picture Frame:358226',$,$,#2732,#2726,'358226',$);
#2734=IFCPROPERTYSET('1MJQD$0vD8fU1ctcm1Exp9',#6,'Pset_BuildingElementProxyCommon',$,(#1747));
#2735=IFCPROPERTYSET('34XeMculx$avlU11OzBQTJ',#6,'Pset_QuantityTakeOff',$,(#1747));
#2736=IFCRELDEFINESBYPROPERTIES('1ctRdHDAsgBhyyEBb6E8gz',#6,$,$,(#2733),#2734);
#2737=IFCRELDEFINESBYPROPERTIES('3_T6xZkg_SXbRRaIWzD33M',#6,$,$,(#2733),#2735);
#2738=IFCMAPPEDITEM(#1531,#545);
#2739=IFCSHAPEREPRESENTATION(#15,'Body','MappedRepresentation',(#2738));
#2740=IFCPRODUCTDEFINITIONSHAPE($,$,(#2739));
#2741=IFCCARTESIANPOINT((3.1815697690481137,-1.1021341067226313,0.90000000000000546));
#2742=IFCAXIS2PLACEMENT3D(#2741,#44,#45);
#2744=IFCWINDOW('2VAVo7xAHC8gxIHnduhovB',#6,'M_Window-Casement-Double:1050 x 1350mm:358227',$,$,#3428,#2740,'358227',1.3500000000000028,1.0499999999999994);
#2745=IFCPROPERTYSET('1tRpL5oFwoA4r_cbk3vske',#6,'Pset_QuantityTakeOff',$,(#1547));
#2746=IFCPROPERTYSINGLEVALUE('FireRating',$,IFCLABEL('0.5h'),$);
#2747=IFCPROPERTYSET('0JfD24bEKI1skuavnOEfCq',#6,'Pset_WindowCommon',$,(#332,#1547,#2746));
#2748=IFCRELDEFINESBYPROPERTIES('35wKadmM_Z1M4FnRymmTR8',#6,$,$,(#2744),#2745);
#2749=IFCRELDEFINESBYPROPERTIES('2ZrEbePiGPOT5JYCB$iiHw',#6,$,$,(#2744),#2747);
#2750=IFCMAPPEDITEM(#1597,#545);
#2751=IFCSHAPEREPRESENTATION(#15,'Body','MappedRepresentation',(#2750));
#2752=IFCPRODUCTDEFINITIONSHAPE($,$,(#2751));
#2753=IFCCARTESIANPOINT((3.3720447690481197,-1.3662216067225939,0.96984999999997656));
#2754=IFCAXIS2PLACEMENT3D(#2753,#44,#45);
#2755=IFCLOCALPLACEMENT(#28,#2754);
#2756=IFCBUILDINGELEMENTPROXY('2VAVo7xAHC8gxIHnduhovC',#6,'M_Muntin Pattern_2x2:M_Muntin Pattern_2x2:358228',$,$,#2755,#2752,'358228',$);
#2757=IFCPROPERTYSET('3EHLhYT7kX8e$ZhXVqsIRi',#6,'Pset_BuildingElementProxyCommon',$,(#1612));
#2758=IFCPROPERTYSET('12BVzu4oiR3P7aNYBHzzqG',#6,'Pset_QuantityTakeOff',$,(#1612));
#2759=IFCRELDEFINESBYPROPERTIES('2DgLctuE4IEG9dki2tLq76',#6,$,$,(#2756),#2757);
#2760=IFCRELDEFINESBYPROPERTIES('0h21fxXW0V23dkoN5pRFId',#6,$,$,(#2756),#2758);
#2761=IFCMAPPEDITEM(#1655,#545);
#2762=IFCSHAPEREPRESENTATION(#15,'Body','MappedRepresentation',(#2761));
#2763=IFCPRODUCTDEFINITIONSHAPE($,$,(#2762));
#2764=IFCCARTESIANPOINT((3.3720447690481157,-1.8880466067226156,0.96985000000003729));
#2765=IFCAXIS2PLACEMENT3D(#2764,#44,#92);
#2766=IFCLOCALPLACEMENT(#28,#2765);
#2767=IFCBUILDINGELEMENTPROXY('2VAVo7xAHC8gxIHnduhovD',#6,'M_Muntin Pattern_2x2:M_Muntin Pattern_2x2:358229',$,$,#2766,#2763,'358229',$);
#2768=IFCPROPERTYSET('2KHXaXveqMoxK$PdpkW1aC',#6,'Pset_BuildingElementProxyCommon',$,(#1612));
#2769=IFCPROPERTYSET('3NSS$AzHnpHrRonGhK7kBU',#6,'Pset_QuantityTakeOff',$,(#1612));
#2770=IFCRELDEFINESBYPROPERTIES('3wix72w0T3Iyr2VQO8zK58',#6,$,$,(#2767),#2768);
#2771=IFCRELDEFINESBYPROPERTIES('1KKRuTTYkeP4ukyH0ljNPj',#6,$,$,(#2767),#2769);
#2772=IFCMAPPEDITEM(#1704,#545);
#2773=IFCSHAPEREPRESENTATION(#15,'Body','MappedRepresentation',(#2772));
#2774=IFCPRODUCTDEFINITIONSHAPE($,$,(#2773));
#2775=IFCCARTESIANPOINT((3.3815697690481126,-1.6271341067226348,2.250000000000016));
#2776=IFCAXIS2PLACEMENT3D(#2775,#495,#92);
#2777=IFCLOCALPLACEMENT(#28,#2776);
#2778=IFCBUILDINGELEMENTPROXY('2VAVo7xAHC8gxIHnduhovE',#6,'M_Trim-Window-Exterior-Flat:with Sill:358230',$,$,#2777,#2774,'358230',$);
#2779=IFCPROPERTYSET('3BxniblBWf4AKZ2euyFHCO',#6,'Pset_BuildingElementProxyCommon',$,(#1713));
#2780=IFCPROPERTYSET('0w49AVWYmkBTT2ZvLis8fL',#6,'Pset_QuantityTakeOff',$,(#1713));
#2781=IFCRELDEFINESBYPROPERTIES('3jHsCOs4pXEaGC$KL6j$ln',#6,$,$,(#2778),#2779);
#2782=IFCRELDEFINESBYPROPERTIES('3kJE3iA$nqEgpI$0MA5mcb',#6,$,$,(#2778),#2780);
#2783=IFCMAPPEDITEM(#1735,#545);
#2784=IFCSHAPEREPRESENTATION(#15,'Body','MappedRepresentation',(#2783));
#2785=IFCPRODUCTDEFINITIONSHAPE($,$,(#2784));
#2786=IFCCARTESIANPOINT((3.1815697690481124,-1.6271341067226233,2.2500000000000169));
#2787=IFCAXIS2PLACEMENT3D(#2786,#135,#45);
#2789=IFCCARTESIANPOINT((3.1815697690481124,-1.6271341067226233,2.2500000000000169));
#2790=IFCAXIS2PLACEMENT3D(#2789,#135,#45);
#2791=IFCLOCALPLACEMENT(#215,#2790);
#2792=IFCBUILDINGELEMENTPROXY('2VAVo7xAHC8gxIHnduhovF',#6,'M_Trim-Window-Interior-Flat:Picture Frame:358231',$,$,#2791,#2785,'358231',$);
#2793=IFCPROPERTYSET('1OoVM3ReL4avmt23DSGbhS',#6,'Pset_BuildingElementProxyCommon',$,(#1747));
#2794=IFCPROPERTYSET('1cIi1MOoDTROPMsqhFxgNT',#6,'Pset_QuantityTakeOff',$,(#1747));
#2795=IFCRELDEFINESBYPROPERTIES('1z3qk4cdGCTw$Pblkt9490',#6,$,$,(#2792),#2793);
#2796=IFCRELDEFINESBYPROPERTIES('3QKa2xi_$J5XFNpHazbfNW',#6,$,$,(#2792),#2794);
#2797=IFCMAPPEDITEM(#1531,#545);
#2798=IFCSHAPEREPRESENTATION(#15,'Body','MappedRepresentation',(#2797));
#2799=IFCPRODUCTDEFINITIONSHAPE($,$,(#2798));
#2800=IFCCARTESIANPOINT((3.1815697690481071,-5.0521341067226135,0.90000000000000546));
#2801=IFCAXIS2PLACEMENT3D(#2800,#44,#45);
#2803=IFCWINDOW('2VAVo7xAHC8gxIHnduhov0',#6,'M_Window-Casement-Double:1050 x 1350mm:358232',$,$,#3443,#2799,'358232',1.3500000000000028,1.0499999999999996);
#2804=IFCPROPERTYSET('14F9Jn5h7ZjsOk5L$BOIZR',#6,'Pset_QuantityTakeOff',$,(#1547));
#2805=IFCPROPERTYSINGLEVALUE('FireRating',$,IFCLABEL('0.5h'),$);
#2806=IFCPROPERTYSET('0xV3vuOVi85wywNreXIYRz',#6,'Pset_WindowCommon',$,(#332,#1547,#2805));
#2807=IFCRELDEFINESBYPROPERTIES('0i0m6EZX0Tnj4GN_sf6HF5',#6,$,$,(#2803),#2804);
#2808=IFCRELDEFINESBYPROPERTIES('39CK659jYGkpFE6Z5VsuvC',#6,$,$,(#2803),#2806);
#2809=IFCMAPPEDITEM(#1597,#545);
#2810=IFCSHAPEREPRESENTATION(#15,'Body','MappedRepresentation',(#2809));
#2811=IFCPRODUCTDEFINITIONSHAPE($,$,(#2810));
#2812=IFCCARTESIANPOINT((3.372044769048113,-5.3162216067225749,0.96984999999997656));
#2813=IFCAXIS2PLACEMENT3D(#2812,#44,#45);
#2814=IFCLOCALPLACEMENT(#28,#2813);
#2815=IFCBUILDINGELEMENTPROXY('2VAVo7xAHC8gxIHnduhov1',#6,'M_Muntin Pattern_2x2:M_Muntin Pattern_2x2:358233',$,$,#2814,#2811,'358233',$);
#2816=IFCPROPERTYSET('1porDkye83KbwgHmaLHz37',#6,'Pset_BuildingElementProxyCommon',$,(#1612));
#2817=IFCPROPERTYSET('0XxvsjnR51i0TYYdfcMF1e',#6,'Pset_QuantityTakeOff',$,(#1612));
#2818=IFCRELDEFINESBYPROPERTIES('33tMmsN$WniYDIGQOsJEp1',#6,$,$,(#2815),#2816);
#2819=IFCRELDEFINESBYPROPERTIES('2YCI6O$AxwLILzdQ1SRh8g',#6,$,$,(#2815),#2817);
#2820=IFCMAPPEDITEM(#1655,#545);
#2821=IFCSHAPEREPRESENTATION(#15,'Body','MappedRepresentation',(#2820));
#2822=IFCPRODUCTDEFINITIONSHAPE($,$,(#2821));
#2823=IFCCARTESIANPOINT((3.3720447690481095,-5.8380466067225969,0.96985000000003729));
#2824=IFCAXIS2PLACEMENT3D(#2823,#44,#92);
#2825=IFCLOCALPLACEMENT(#28,#2824);
#2826=IFCBUILDINGELEMENTPROXY('2VAVo7xAHC8gxIHnduhov2',#6,'M_Muntin Pattern_2x2:M_Muntin Pattern_2x2:358234',$,$,#2825,#2822,'358234',$);
#2827=IFCPROPERTYSET('1tepe8tsb9X7khq$NKUTxr',#6,'Pset_BuildingElementProxyCommon',$,(#1612));
#2828=IFCPROPERTYSET('3YiAJYUeoOIbO3gOJHUM4b',#6,'Pset_QuantityTakeOff',$,(#1612));
#2829=IFCRELDEFINESBYPROPERTIES('2OaUNd$3Uzk4FJY70Xkogj',#6,$,$,(#2826),#2827);
#2830=IFCRELDEFINESBYPROPERTIES('3wurBbSWESU77U8$BGbSuP',#6,$,$,(#2826),#2828);
#2831=IFCMAPPEDITEM(#1704,#545);
#2832=IFCSHAPEREPRESENTATION(#15,'Body','MappedRepresentation',(#2831));
#2833=IFCPRODUCTDEFINITIONSHAPE($,$,(#2832));
#2834=IFCCARTESIANPOINT((3.3815697690481059,-5.5771341067226166,2.250000000000016));
#2835=IFCAXIS2PLACEMENT3D(#2834,#495,#92);
#2836=IFCLOCALPLACEMENT(#28,#2835);
#2837=IFCBUILDINGELEMENTPROXY('2VAVo7xAHC8gxIHnduhov3',#6,'M_Trim-Window-Exterior-Flat:with Sill:358235',$,$,#2836,#2833,'358235',$);
#2838=IFCPROPERTYSET('1BYgCqQjI5G8fa5BGKowTa',#6,'Pset_BuildingElementProxyCommon',$,(#1713));
#2839=IFCPROPERTYSET('1VWd6Z8pD0dXQcFXhP0eOD',#6,'Pset_QuantityTakeOff',$,(#1713));
#2840=IFCRELDEFINESBYPROPERTIES('0PzBOtJ4SGLACet7QVcFse',#6,$,$,(#2837),#2838);
#2841=IFCRELDEFINESBYPROPERTIES('0HyRnnYDsevdkNwc0Ouh2n',#6,$,$,(#2837),#2839);
#2842=IFCMAPPEDITEM(#1735,#545);
#2843=IFCSHAPEREPRESENTATION(#15,'Body','MappedRepresentation',(#2842));
#2844=IFCPRODUCTDEFINITIONSHAPE($,$,(#2843));
#2845=IFCCARTESIANPOINT((3.1815697690481062,-5.5771341067226041,2.2500000000000169));
#2846=IFCAXIS2PLACEMENT3D(#2845,#135,#45);
#2848=IFCCARTESIANPOINT((3.1815697690481062,-5.5771341067226041,2.2500000000000169));
#2849=IFCAXIS2PLACEMENT3D(#2848,#135,#45);
#2850=IFCLOCALPLACEMENT(#236,#2849);
#2851=IFCBUILDINGELEMENTPROXY('2VAVo7xAHC8gxIHnduhov4',#6,'M_Trim-Window-Interior-Flat:Picture Frame:358236',$,$,#2850,#2844,'358236',$);
#2852=IFCPROPERTYSET('0LwtNWkWjtpka3XFRJIuOw',#6,'Pset_BuildingElementProxyCommon',$,(#1747));
#2853=IFCPROPERTYSET('1BpB5hN0V6buoIyxfDWWnN',#6,'Pset_QuantityTakeOff',$,(#1747));
#2854=IFCRELDEFINESBYPROPERTIES('1rXuZPmBrgwQLQ1lGGaqYI',#6,$,$,(#2851),#2852);
#2855=IFCRELDEFINESBYPROPERTIES('2q4kysjVO5e01PcXxnM60i',#6,$,$,(#2851),#2853);
#2856=IFCMAPPEDITEM(#2289,#545);
#2857=IFCSHAPEREPRESENTATION(#15,'Body','MappedRepresentation',(#2856));
#2858=IFCPRODUCTDEFINITIONSHAPE($,$,(#2857));
#2859=IFCCARTESIANPOINT((-12.71843023095189,-2.8271341067225828,0.90000000000000546));
#2860=IFCAXIS2PLACEMENT3D(#2859,#44,#92);
#2862=IFCWINDOW('2VAVo7xAHC8gxIHnduhov5',#6,'M_Window-Casement-Double:1400 x 1800mm:358237',$,$,#3263,#2858,'358237',1.8000000000000023,1.3999999999999988);
#2863=IFCPROPERTYSET('1t4k8pc6EhLHUlyPtHUbIL',#6,'Pset_QuantityTakeOff',$,(#2299));
#2864=IFCPROPERTYSINGLEVALUE('FireRating',$,IFCLABEL('0.5h'),$);
#2865=IFCPROPERTYSET('3prl5mfY991ZEEA6O3v2uc',#6,'Pset_WindowCommon',$,(#332,#2299,#2864));
#2866=IFCRELDEFINESBYPROPERTIES('1wb$Kgedo6POLpZXu8vdii',#6,$,$,(#2862),#2863);
#2867=IFCRELDEFINESBYPROPERTIES('3xZlYFuX2Ygh4XyplABsf7',#6,$,$,(#2862),#2865);
#2868=IFCMAPPEDITEM(#2345,#545);
#2869=IFCSHAPEREPRESENTATION(#15,'Body','MappedRepresentation',(#2868));
#2870=IFCPRODUCTDEFINITIONSHAPE($,$,(#2869));
#2871=IFCCARTESIANPOINT((-12.908905230951897,-2.4755466067226211,0.96984999999997656));
#2872=IFCAXIS2PLACEMENT3D(#2871,#44,#92);
#2873=IFCLOCALPLACEMENT(#28,#2872);
#2874=IFCBUILDINGELEMENTPROXY('2VAVo7xAHC8gxIHnduhov6',#6,'M_Muntin Pattern_2x2:M_Muntin Pattern_2x2:358238',$,$,#2873,#2870,'358238',$);
#2875=IFCPROPERTYSET('3hZnf7$QUD_kb2iZCJuC24',#6,'Pset_BuildingElementProxyCommon',$,(#1612));
#2876=IFCPROPERTYSET('2GZNB5BCCfH0ZaMwYHqfqv',#6,'Pset_QuantityTakeOff',$,(#1612));
#2877=IFCRELDEFINESBYPROPERTIES('2fUeaijylzMn2U9ZRPA9hu',#6,$,$,(#2874),#2875);
#2878=IFCRELDEFINESBYPROPERTIES('0xt$oJ17RM4l_HzV1MXstC',#6,$,$,(#2874),#2876);
#2879=IFCMAPPEDITEM(#2396,#545);
#2880=IFCSHAPEREPRESENTATION(#15,'Body','MappedRepresentation',(#2879));
#2881=IFCPRODUCTDEFINITIONSHAPE($,$,(#2880));
#2882=IFCCARTESIANPOINT((-12.908905230951893,-1.778721606722599,0.96985000000003729));
#2883=IFCAXIS2PLACEMENT3D(#2882,#44,#45);
#2884=IFCLOCALPLACEMENT(#28,#2883);
#2885=IFCBUILDINGELEMENTPROXY('2VAVo7xAHC8gxIHnduhov7',#6,'M_Muntin Pattern_2x2:M_Muntin Pattern_2x2:358239',$,$,#2884,#2881,'358239',$);
#2886=IFCPROPERTYSET('2ZfuTpDZz0sELY26S4nBdB',#6,'Pset_BuildingElementProxyCommon',$,(#1612));
#2887=IFCPROPERTYSET('0UNI0Z2E_nQYHosr_dvPp$',#6,'Pset_QuantityTakeOff',$,(#1612));
#2888=IFCRELDEFINESBYPROPERTIES('3Nv8fIglaSJPGztXmfZUS1',#6,$,$,(#2885),#2886);
#2889=IFCRELDEFINESBYPROPERTIES('1PriqDhalfy3XEYLFnjEM6',#6,$,$,(#2885),#2887);
#2890=IFCMAPPEDITEM(#2445,#545);
#2891=IFCSHAPEREPRESENTATION(#15,'Body','MappedRepresentation',(#2890));
#2892=IFCPRODUCTDEFINITIONSHAPE($,$,(#2891));
#2893=IFCCARTESIANPOINT((-12.918430230951888,-2.1271341067225795,2.7000000000000166));
#2894=IFCAXIS2PLACEMENT3D(#2893,#135,#45);
#2895=IFCLOCALPLACEMENT(#28,#2894);
#2896=IFCBUILDINGELEMENTPROXY('2VAVo7xAHC8gxIHnduhovu',#6,'M_Trim-Window-Exterior-Flat:with Sill:358240',$,$,#2895,#2892,'358240',$);
#2897=IFCPROPERTYSET('0vovVofZu2HVYCwPBAUZHK',#6,'Pset_BuildingElementProxyCommon',$,(#1713));
#2898=IFCPROPERTYSET('1OyWQ$DUZ$8v1pRt9yxnES',#6,'Pset_QuantityTakeOff',$,(#1713));
#2899=IFCRELDEFINESBYPROPERTIES('0G2QYT83NmRZ00SjbKfENe',#6,$,$,(#2896),#2897);
#2900=IFCRELDEFINESBYPROPERTIES('0gEGJuLOJjb1PUiIpPzbpj',#6,$,$,(#2896),#2898);
#2901=IFCMAPPEDITEM(#2475,#545);
#2902=IFCSHAPEREPRESENTATION(#15,'Body','MappedRepresentation',(#2901));
#2903=IFCPRODUCTDEFINITIONSHAPE($,$,(#2902));
#2904=IFCCARTESIANPOINT((-12.71843023095189,-2.1271341067225915,2.7000000000000175));
#2905=IFCAXIS2PLACEMENT3D(#2904,#495,#92);
#2907=IFCCARTESIANPOINT((-12.71843023095189,-2.1271341067225915,2.7000000000000171));
#2908=IFCAXIS2PLACEMENT3D(#2907,#495,#92);
#2909=IFCLOCALPLACEMENT(#194,#2908);
#2910=IFCBUILDINGELEMENTPROXY('2VAVo7xAHC8gxIHnduhovv',#6,'M_Trim-Window-Interior-Flat:Picture Frame:358241',$,$,#2909,#2903,'358241',$);
#2911=IFCPROPERTYSET('2SxlSizk0j6DlkGtwh4tke',#6,'Pset_BuildingElementProxyCommon',$,(#1747));
#2912=IFCPROPERTYSET('32rqPRtwerF0Z7l$6cGHp3',#6,'Pset_QuantityTakeOff',$,(#1747));
#2913=IFCRELDEFINESBYPROPERTIES('3UKZ8cV1oCdt6kDH6Jveu$',#6,$,$,(#2910),#2911);
#2914=IFCRELDEFINESBYPROPERTIES('2NDhWzZOWVp1siUG29$PMt',#6,$,$,(#2910),#2912);
#2915=IFCMAPPEDITEM(#2289,#545);
#2916=IFCSHAPEREPRESENTATION(#15,'Body','MappedRepresentation',(#2915));
#2917=IFCPRODUCTDEFINITIONSHAPE($,$,(#2916));
#2918=IFCCARTESIANPOINT((-12.718430230951896,-6.0271341067225652,0.90000000000000546));
#2919=IFCAXIS2PLACEMENT3D(#2918,#44,#92);
#2921=IFCWINDOW('2VAVo7xAHC8gxIHnduhovw',#6,'M_Window-Casement-Double:1400 x 1800mm:358242',$,$,#3278,#2917,'358242',1.8000000000000023,1.399999999999999);
#2922=IFCPROPERTYSET('2tuxFGDah$E48yJQTjtPk_',#6,'Pset_QuantityTakeOff',$,(#2299));
#2923=IFCPROPERTYSINGLEVALUE('FireRating',$,IFCLABEL('0.5h'),$);
#2924=IFCPROPERTYSET('00qeOdg6H9_ZaP7hZFu1t9',#6,'Pset_WindowCommon',$,(#332,#2299,#2923));
#2925=IFCRELDEFINESBYPROPERTIES('08eML1RGfJykanztyIvhbG',#6,$,$,(#2921),#2922);
#2926=IFCRELDEFINESBYPROPERTIES('1TvQLCQ3Zt08mEZNcUAV62',#6,$,$,(#2921),#2924);
#2927=IFCMAPPEDITEM(#2345,#545);
#2928=IFCSHAPEREPRESENTATION(#15,'Body','MappedRepresentation',(#2927));
#2929=IFCPRODUCTDEFINITIONSHAPE($,$,(#2928));
#2930=IFCCARTESIANPOINT((-12.908905230951902,-5.6755466067226026,0.96984999999997656));
#2931=IFCAXIS2PLACEMENT3D(#2930,#44,#92);
#2932=IFCLOCALPLACEMENT(#28,#2931);
#2933=IFCBUILDINGELEMENTPROXY('2VAVo7xAHC8gxIHnduhovx',#6,'M_Muntin Pattern_2x2:M_Muntin Pattern_2x2:358243',$,$,#2932,#2929,'358243',$);
#2934=IFCPROPERTYSET('0oNGaFAm60nQSwelwvgalv',#6,'Pset_BuildingElementProxyCommon',$,(#1612));
#2935=IFCPROPERTYSET('1unpD3WQ4WGJoyKBY992ap',#6,'Pset_QuantityTakeOff',$,(#1612));
#2936=IFCRELDEFINESBYPROPERTIES('3uuTQpkk6MvgnlW5Zw4Dit',#6,$,$,(#2933),#2934);
#2937=IFCRELDEFINESBYPROPERTIES('1d4o_mIqjtT$_4d00wtV0W',#6,$,$,(#2933),#2935);
#2938=IFCMAPPEDITEM(#2396,#545);
#2939=IFCSHAPEREPRESENTATION(#15,'Body','MappedRepresentation',(#2938));
#2940=IFCPRODUCTDEFINITIONSHAPE($,$,(#2939));
#2941=IFCCARTESIANPOINT((-12.908905230951897,-4.9787216067225808,0.96985000000003729));
#2942=IFCAXIS2PLACEMENT3D(#2941,#44,#45);
#2943=IFCLOCALPLACEMENT(#28,#2942);
#2944=IFCBUILDINGELEMENTPROXY('2VAVo7xAHC8gxIHnduhovy',#6,'M_Muntin Pattern_2x2:M_Muntin Pattern_2x2:358244',$,$,#2943,#2940,'358244',$);
#2945=IFCPROPERTYSET('0CgdChTL55pgjFfjUMPZSs',#6,'Pset_BuildingElementProxyCommon',$,(#1612));
#2946=IFCPROPERTYSET('06DacbWHusI2QXl7q_DvMT',#6,'Pset_QuantityTakeOff',$,(#1612));
#2947=IFCRELDEFINESBYPROPERTIES('2SFNOn553bGtywMWN8Cplp',#6,$,$,(#2944),#2945);
#2948=IFCRELDEFINESBYPROPERTIES('3IzG8o8QUPetDw$YnnMYo5',#6,$,$,(#2944),#2946);
#2949=IFCMAPPEDITEM(#2445,#545);
#2950=IFCSHAPEREPRESENTATION(#15,'Body','MappedRepresentation',(#2949));
#2951=IFCPRODUCTDEFINITIONSHAPE($,$,(#2950));
#2952=IFCCARTESIANPOINT((-12.918430230951893,-5.3271341067225615,2.7000000000000166));
#2953=IFCAXIS2PLACEMENT3D(#2952,#135,#45);
#2954=IFCLOCALPLACEMENT(#28,#2953);
#2955=IFCBUILDINGELEMENTPROXY('2VAVo7xAHC8gxIHnduhovz',#6,'M_Trim-Window-Exterior-Flat:with Sill:358245',$,$,#2954,#2951,'358245',$);
#2956=IFCPROPERTYSET('3p1oACt27q80iuaGe1YjZZ',#6,'Pset_BuildingElementProxyCommon',$,(#1713));
#2957=IFCPROPERTYSET('3wsW9zI$9B2wrK8LDURLOQ',#6,'Pset_QuantityTakeOff',$,(#1713));
#2958=IFCRELDEFINESBYPROPERTIES('07JbEoxFyL6OVf6FCMmnz8',#6,$,$,(#2955),#2956);
#2959=IFCRELDEFINESBYPROPERTIES('1KVpVR44EqjjZs4OWfkswW',#6,$,$,(#2955),#2957);
#2960=IFCMAPPEDITEM(#2475,#545);
#2961=IFCSHAPEREPRESENTATION(#15,'Body','MappedRepresentation',(#2960));
#2962=IFCPRODUCTDEFINITIONSHAPE($,$,(#2961));
#2963=IFCCARTESIANPOINT((-12.718430230951896,-5.327134106722573,2.7000000000000175));
#2964=IFCAXIS2PLACEMENT3D(#2963,#495,#92);
#2966=IFCCARTESIANPOINT((-12.718430230951896,-5.327134106722573,2.7000000000000171));
#2967=IFCAXIS2PLACEMENT3D(#2966,#495,#92);
#2968=IFCLOCALPLACEMENT(#194,#2967);
#2969=IFCBUILDINGELEMENTPROXY('2VAVo7xAHC8gxIHnduhov_',#6,'M_Trim-Window-Interior-Flat:Picture Frame:358246',$,$,#2968,#2962,'358246',$);
#2970=IFCPROPERTYSET('2EDzY8RJ7Qn2JI1tgvEmN0',#6,'Pset_BuildingElementProxyCommon',$,(#1747));
#2971=IFCPROPERTYSET('2IwkAsqeEhSut6DP0ShRzq',#6,'Pset_QuantityTakeOff',$,(#1747));
#2972=IFCRELDEFINESBYPROPERTIES('2zwxuFk_1gX9j1uJrgc2ky',#6,$,$,(#2969),#2970);
#2973=IFCRELDEFINESBYPROPERTIES('3k90RuaFqUvw53EQx6JN0G',#6,$,$,(#2969),#2971);
#2974=IFCMAPPEDITEM(#2289,#545);
#2975=IFCSHAPEREPRESENTATION(#15,'Body','MappedRepresentation',(#2974));
#2976=IFCPRODUCTDEFINITIONSHAPE($,$,(#2975));
#2977=IFCCARTESIANPOINT((-1.4184302309518959,-7.8271341067225837,0.90000000000000546));
#2978=IFCAXIS2PLACEMENT3D(#2977,#44,#135);
#2980=IFCWINDOW('2VAVo7xAHC8gxIHnduhov$',#6,'M_Window-Casement-Double:1400 x 1800mm:358247',$,$,#3473,#2976,'358247',1.8000000000000023,1.399999999999999);
#2981=IFCPROPERTYSET('2DlbXWQnMyCdjdBCVtnoOF',#6,'Pset_QuantityTakeOff',$,(#2299));
#2982=IFCPROPERTYSINGLEVALUE('FireRating',$,IFCLABEL('0.5h'),$);
#2983=IFCPROPERTYSET('1y_K6$1LGm0eAwoSYMVB09',#6,'Pset_WindowCommon',$,(#332,#2299,#2982));
#2984=IFCRELDEFINESBYPROPERTIES('35wke72RtieCW6PlslSRHA',#6,$,$,(#2980),#2981);
#2985=IFCRELDEFINESBYPROPERTIES('2c8ud7YGwra9ecYmZGKV7p',#6,$,$,(#2980),#2983);
#2986=IFCMAPPEDITEM(#2345,#545);
#2987=IFCSHAPEREPRESENTATION(#15,'Body','MappedRepresentation',(#2986));
#2988=IFCPRODUCTDEFINITIONSHAPE($,$,(#2987));
#2989=IFCCARTESIANPOINT((-1.7700177309518579,-8.0176091067225901,0.96984999999997656));
#2990=IFCAXIS2PLACEMENT3D(#2989,#44,#135);
#2991=IFCLOCALPLACEMENT(#28,#2990);
#2992=IFCBUILDINGELEMENTPROXY('2VAVo7xAHC8gxIHnduhovm',#6,'M_Muntin Pattern_2x2:M_Muntin Pattern_2x2:358248',$,$,#2991,#2988,'358248',$);
#2993=IFCPROPERTYSET('3DHI4MUuYD4tqRCcOQ$A_a',#6,'Pset_BuildingElementProxyCommon',$,(#1612));
#2994=IFCPROPERTYSET('1diHBeX9I74kwQ3ZfGSuDY',#6,'Pset_QuantityTakeOff',$,(#1612));
#2995=IFCRELDEFINESBYPROPERTIES('3tyD1sc_RP2Ph0M9Q6nkTU',#6,$,$,(#2992),#2993);
#2996=IFCRELDEFINESBYPROPERTIES('3kc9v5iQIFrZTa3WZgvHtz',#6,$,$,(#2992),#2994);
#2997=IFCMAPPEDITEM(#2396,#545);
#2998=IFCSHAPEREPRESENTATION(#15,'Body','MappedRepresentation',(#2997));
#2999=IFCPRODUCTDEFINITIONSHAPE($,$,(#2998));
#3000=IFCCARTESIANPOINT((-2.4668427309518801,-8.017609106722583,0.96985000000003729));
#3001=IFCAXIS2PLACEMENT3D(#3000,$,$);
#3002=IFCLOCALPLACEMENT(#28,#3001);
#3003=IFCBUILDINGELEMENTPROXY('2VAVo7xAHC8gxIHnduhovn',#6,'M_Muntin Pattern_2x2:M_Muntin Pattern_2x2:358249',$,$,#3002,#2999,'358249',$);
#3004=IFCPROPERTYSET('0Ni$hSUdMRx5EDshsJStPy',#6,'Pset_BuildingElementProxyCommon',$,(#1612));
#3005=IFCPROPERTYSET('0N_0VRSKRCUNCZEcRdAOrG',#6,'Pset_QuantityTakeOff',$,(#1612));
#3006=IFCRELDEFINESBYPROPERTIES('041zh9aDQKSxLiTKRoxMJG',#6,$,$,(#3003),#3004);
#3007=IFCRELDEFINESBYPROPERTIES('1UPhQf6YvRrYMctKyTt9pJ',#6,$,$,(#3003),#3005);
#3008=IFCMAPPEDITEM(#2445,#545);
#3009=IFCSHAPEREPRESENTATION(#15,'Body','MappedRepresentation',(#3008));
#3010=IFCPRODUCTDEFINITIONSHAPE($,$,(#3009));
#3011=IFCCARTESIANPOINT((-2.1184302309518994,-8.0271341067225812,2.7000000000000166));
#3012=IFCAXIS2PLACEMENT3D(#3011,#45,#495);
#3013=IFCLOCALPLACEMENT(#28,#3012);
#3014=IFCBUILDINGELEMENTPROXY('2VAVo7xAHC8gxIHnduhovo',#6,'M_Trim-Window-Exterior-Flat:with Sill:358250',$,$,#3013,#3010,'358250',$);
#3015=IFCPROPERTYSET('0fmMBTnwHfcIIcuj7$9rw4',#6,'Pset_BuildingElementProxyCommon',$,(#1713));
#3016=IFCPROPERTYSET('1wM$_3MNuO2Ar4L8BovT_A',#6,'Pset_QuantityTakeOff',$,(#1713));
#3017=IFCRELDEFINESBYPROPERTIES('1g0Ipoz4a2r8dBfzaBvXdV',#6,$,$,(#3014),#3015);
#3018=IFCRELDEFINESBYPROPERTIES('1q9yz_GmUSAYyQhR1JsGPG',#6,$,$,(#3014),#3016);
#3019=IFCMAPPEDITEM(#2475,#545);
#3020=IFCSHAPEREPRESENTATION(#15,'Body','MappedRepresentation',(#3019));
#3021=IFCPRODUCTDEFINITIONSHAPE($,$,(#3020));
#3022=IFCCARTESIANPOINT((-2.1184302309518874,-7.827134106722581,2.7000000000000175));
#3023=IFCAXIS2PLACEMENT3D(#3022,#92,#135);
#3025=IFCCARTESIANPOINT((-2.1184302309518874,-7.827134106722581,2.7000000000000171));
#3026=IFCAXIS2PLACEMENT3D(#3025,#92,#135);
#3027=IFCLOCALPLACEMENT(#236,#3026);
#3028=IFCBUILDINGELEMENTPROXY('2VAVo7xAHC8gxIHnduhovp',#6,'M_Trim-Window-Interior-Flat:Picture Frame:358251',$,$,#3027,#3021,'358251',$);
#3029=IFCPROPERTYSET('1JNJXZB0JqoUqibDHVkM8f',#6,'Pset_BuildingElementProxyCommon',$,(#1747));
#3030=IFCPROPERTYSET('2CxjBtkyTkUXmtGGoQntF4',#6,'Pset_QuantityTakeOff',$,(#1747));
#3031=IFCRELDEFINESBYPROPERTIES('069EVyZSPDaFmepD3RspeI',#6,$,$,(#3028),#3029);
#3032=IFCRELDEFINESBYPROPERTIES('1bf90O_MSQ2sGRtiPAUo55',#6,$,$,(#3028),#3030);
#3033=IFCMAPPEDITEM(#2289,#545);
#3034=IFCSHAPEREPRESENTATION(#15,'Body','MappedRepresentation',(#3033));
#3035=IFCPRODUCTDEFINITIONSHAPE($,$,(#3034));
#3036=IFCCARTESIANPOINT((-1.7184302309518773,3.8728658932774045,0.90000000000000546));
#3037=IFCAXIS2PLACEMENT3D(#3036,$,$);
#3039=IFCWINDOW('2VAVo7xAHC8gxIHnduhovq',#6,'M_Window-Casement-Double:1400 x 1800mm:358252',$,$,#3353,#3035,'358252',1.8000000000000023,1.3999999999999988);
#3040=IFCPROPERTYSET('15Isx$Xi6SKTkWxeQt3N4w',#6,'Pset_QuantityTakeOff',$,(#2299));
#3041=IFCPROPERTYSINGLEVALUE('FireRating',$,IFCLABEL('0.5h'),$);
#3042=IFCPROPERTYSET('1gPzpaJ6j9I_yAlz$W8fPO',#6,'Pset_WindowCommon',$,(#332,#2299,#3041));
#3043=IFCRELDEFINESBYPROPERTIES('03dRa1urioA1Ws9ts8XQO7',#6,$,$,(#3039),#3040);
#3044=IFCRELDEFINESBYPROPERTIES('1oukDaHkeD5iIQ8dnC2TUO',#6,$,$,(#3039),#3042);
#3045=IFCMAPPEDITEM(#2345,#545);
#3046=IFCSHAPEREPRESENTATION(#15,'Body','MappedRepresentation',(#3045));
#3047=IFCPRODUCTDEFINITIONSHAPE($,$,(#3046));
#3048=IFCCARTESIANPOINT((-1.3668427309519158,4.0633408932774113,0.96984999999997656));
#3049=IFCAXIS2PLACEMENT3D(#3048,$,$);
#3050=IFCLOCALPLACEMENT(#28,#3049);
#3051=IFCBUILDINGELEMENTPROXY('2VAVo7xAHC8gxIHnduhovr',#6,'M_Muntin Pattern_2x2:M_Muntin Pattern_2x2:358253',$,$,#3050,#3047,'358253',$);
#3052=IFCPROPERTYSET('0kz7G1dC5WixmyLIawcaLa',#6,'Pset_BuildingElementProxyCommon',$,(#1612));
#3053=IFCPROPERTYSET('02aBf59XSipC9SUv8gU6xY',#6,'Pset_QuantityTakeOff',$,(#1612));
#3054=IFCRELDEFINESBYPROPERTIES('1VuvIkOtEL4BqTmzeZUz0y',#6,$,$,(#3051),#3052);
#3055=IFCRELDEFINESBYPROPERTIES('1fQ6qiVlx9vS$cXS3MJjXR',#6,$,$,(#3051),#3053);
#3056=IFCMAPPEDITEM(#2396,#545);
#3057=IFCSHAPEREPRESENTATION(#15,'Body','MappedRepresentation',(#3056));
#3058=IFCPRODUCTDEFINITIONSHAPE($,$,(#3057));
#3059=IFCCARTESIANPOINT((-0.67001773095189388,4.0633408932774078,0.96985000000003729));
#3060=IFCAXIS2PLACEMENT3D(#3059,#44,#135);
#3061=IFCLOCALPLACEMENT(#28,#3060);
#3062=IFCBUILDINGELEMENTPROXY('2VAVo7xAHC8gxIHnduhovs',#6,'M_Muntin Pattern_2x2:M_Muntin Pattern_2x2:358254',$,$,#3061,#3058,'358254',$);
#3063=IFCPROPERTYSET('3OvE5crk66f5m$Ua4bcGRY',#6,'Pset_BuildingElementProxyCommon',$,(#1612));
#3064=IFCPROPERTYSET('2B3lx_yNkt$DV2cYHegWpM',#6,'Pset_QuantityTakeOff',$,(#1612));
#3065=IFCRELDEFINESBYPROPERTIES('3eKaa$bpxJUfWEc5Cq4d3o',#6,$,$,(#3062),#3063);
#3066=IFCRELDEFINESBYPROPERTIES('1soi_iqXpGvaOKbg$i7xyP',#6,$,$,(#3062),#3064);
#3067=IFCMAPPEDITEM(#2445,#545);
#3068=IFCSHAPEREPRESENTATION(#15,'Body','MappedRepresentation',(#3067));
#3069=IFCPRODUCTDEFINITIONSHAPE($,$,(#3068));
#3070=IFCCARTESIANPOINT((-1.0184302309518745,4.0728658932774042,2.7000000000000166));
#3071=IFCAXIS2PLACEMENT3D(#3070,#92,#135);
#3072=IFCLOCALPLACEMENT(#28,#3071);
#3073=IFCBUILDINGELEMENTPROXY('2VAVo7xAHC8gxIHnduhovt',#6,'M_Trim-Window-Exterior-Flat:with Sill:358255',$,$,#3072,#3069,'358255',$);
#3074=IFCPROPERTYSET('3YSW7YEf_5PtxI37i8lCaB',#6,'Pset_BuildingElementProxyCommon',$,(#1713));
#3075=IFCPROPERTYSET('10caX6j6exbNu39KE2WnNt',#6,'Pset_QuantityTakeOff',$,(#1713));
#3076=IFCRELDEFINESBYPROPERTIES('07JoJyiRbimBOwV57Bg$lW',#6,$,$,(#3073),#3074);
#3077=IFCRELDEFINESBYPROPERTIES('2H2zJ01Pd2x$09tdYVKZbL',#6,$,$,(#3073),#3075);
#3078=IFCMAPPEDITEM(#2475,#545);
#3079=IFCSHAPEREPRESENTATION(#15,'Body','MappedRepresentation',(#3078));
#3080=IFCPRODUCTDEFINITIONSHAPE($,$,(#3079));
#3081=IFCCARTESIANPOINT((-1.0184302309518856,3.8728658932774045,2.7000000000000175));
#3082=IFCAXIS2PLACEMENT3D(#3081,#45,#495);
#3084=IFCCARTESIANPOINT((-1.0184302309518856,3.8728658932774045,2.7000000000000171));
#3085=IFCAXIS2PLACEMENT3D(#3084,#45,#495);
#3086=IFCLOCALPLACEMENT(#278,#3085);
#3087=IFCBUILDINGELEMENTPROXY('2VAVo7xAHC8gxIHnduhove',#6,'M_Trim-Window-Interior-Flat:Picture Frame:358256',$,$,#3086,#3080,'358256',$);
#3088=IFCPROPERTYSET('1vOgOGPLsNRfD7P_8MOhfz',#6,'Pset_BuildingElementProxyCommon',$,(#1747));
#3089=IFCPROPERTYSET('1szJYnNmZ0TyXuZdzK$C3G',#6,'Pset_QuantityTakeOff',$,(#1747));
#3090=IFCRELDEFINESBYPROPERTIES('0oAzYlwHwGeFCgAuFKTgpm',#6,$,$,(#3087),#3088);
#3091=IFCRELDEFINESBYPROPERTIES('2b5XdrRwPH_D3HLzIpqLdt',#6,$,$,(#3087),#3089);
#3092=IFCPROPERTYSINGLEVALUE('Name',$,IFCLABEL('Level 1'),$);
#3093=IFCPROPERTYSET('3pajDo1QSo$Zr5kcJ7WZvz',#6,'Pset_AirSideSystemInformation',$,(#3092));
#3094=IFCPROPERTYSINGLEVALUE('AboveGround',$,IFCLOGICAL(.U.),$);
#3095=IFCPROPERTYSET('2QFFSloDKLdASEirlNrsWG',#6,'Pset_BuildingStoreyCommon',$,(#3094));
#3096=IFCPROPERTYSINGLEVALUE('Name',$,IFCLABEL('Level 1'),$);
#3097=IFCPROPERTYSET('0Jn3ZcoXbsSExgN1KMPBrd',#6,'Pset_ProductRequirements',$,(#3096));
#3098=IFCRELDEFINESBYPROPERTIES('1Da_uB3ifLZAiBs8ApqL8T',#6,$,$,(#25),#3093);
#3099=IFCRELDEFINESBYPROPERTIES('24vWbHxUvnwTMhwrnGQFQP',#6,$,$,(#25),#3095);
#3100=IFCRELDEFINESBYPROPERTIES('3dNMqG5qInx8MCGyv3CU_c',#6,$,$,(#25),#3097);
#3101=IFCRELCONTAINEDINSPATIALSTRUCTURE('3Zu5Bv0LOHrPC10066FoQQ',#6,$,$,(#318,#353,#376,#399,#424,#552,#581,#604,#627,#650,#673,#696,#711,#763,#776,#787,#798,#809,#1100,#1546,#1611,#1663,#1712,#1758,#1770,#1781,#1792,#1817,#1829,#1840,#1851,#2298,#2353,#2404,#2453,#2497,#2509,#2520,#2531,#2556,#2568,#2579,#2590,#2615,#2627,#2638,#2649),#25);
#3102=IFCPROPERTYSINGLEVALUE('Name',$,IFCLABEL('Level 2'),$);
#3103=IFCPROPERTYSET('2mTLlmyrfKDEBBLtdwqw7L',#6,'Pset_AirSideSystemInformation',$,(#3102));
#3104=IFCPROPERTYSET('2y6jqut2mGsxPM5c1zUPr2',#6,'Pset_BuildingStoreyCommon',$,(#3094));
#3105=IFCPROPERTYSINGLEVALUE('Name',$,IFCLABEL('Level 2'),$);
#3106=IFCPROPERTYSET('1NhGbMdWc6$OcOXv1TJ_Wu',#6,'Pset_ProductRequirements',$,(#3105));
#3107=IFCRELDEFINESBYPROPERTIES('16d15dL922K3ec_Ua5xAkw',#6,$,$,(#29),#3103);
#3108=IFCRELDEFINESBYPROPERTIES('03h9WtlPXy$ENv9AiS5UZC',#6,$,$,(#29),#3104);
#3109=IFCRELDEFINESBYPROPERTIES('0ZduuN29N$9gX6yyEYBAf0',#6,$,$,(#29),#3106);
#3110=IFCRELCONTAINEDINSPATIALSTRUCTURE('15Z0v90RiHrPC20066FoKR',#6,$,$,(#455,#828,#851,#874,#897,#920,#943,#958,#969,#980,#991,#1002,#1013,#2674,#2685,#2697,#2708,#2719,#2744,#2756,#2767,#2778,#2803,#2815,#2826,#2837,#2862,#2874,#2885,#2896,#2921,#2933,#2944,#2955,#2980,#2992,#3003,#3014,#3039,#3051,#3062,#3073),#29);
#3111=IFCPROPERTYSINGLEVALUE('Name',$,IFCLABEL('Level 3'),$);
#3112=IFCPROPERTYSET('103fWHMCuH5QFcUhAPe$mt',#6,'Pset_AirSideSystemInformation',$,(#3111));
#3113=IFCPROPERTYSET('3zyTAAqHxOIWURGfUWU892',#6,'Pset_BuildingStoreyCommon',$,(#3094));
#3114=IFCPROPERTYSINGLEVALUE('Name',$,IFCLABEL('Level 3'),$);
#3115=IFCPROPERTYSET('3QpTOxbMZFw4Lt2VRe0qQL',#6,'Pset_ProductRequirements',$,(#3114));
#3116=IFCRELDEFINESBYPROPERTIES('1lV8g5VWaQY1Kdo0P_tkfL',#6,$,$,(#33),#3112);
#3117=IFCRELDEFINESBYPROPERTIES('01EINcAifaiF_cKD9HU4QV',#6,$,$,(#33),#3113);
#3118=IFCRELDEFINESBYPROPERTIES('2rIaQUMg$E2fJNpe1E8s0G',#6,$,$,(#33),#3115);
#3119=IFCRELCONTAINEDINSPATIALSTRUCTURE('2VAVo7xAHC8gxIHnZuhp96',#6,$,$,(#475),#33);
#3120=IFCRELAGGREGATES('2SreAEwN18Wx_hpmVUpqD0',#6,$,$,#18,(#36));
#3121=IFCRELAGGREGATES('1S32pwUmobW4vq2snub778',#6,$,$,#36,(#22));
#3122=IFCRELAGGREGATES('3Zu5Bv0LOHrPC100A6FoQQ',#6,$,$,#25,(#54,#75,#97,#118,#140,#161));
#3123=IFCRELAGGREGATES('15Z0v90RiHrPC200A6FoKR',#6,$,$,#29,(#182,#203,#224,#245,#266,#287));
#3124=IFCRELAGGREGATES('27PCKGLxT4mxtV9cw6mgBW',#6,$,$,#22,(#25,#29,#33));
#3125=IFCPROPERTYSINGLEVALUE('NumberOfStoreys',$,IFCINTEGER(3),$);
#3126=IFCPROPERTYSINGLEVALUE('IsLandmarked',$,IFCLOGICAL(.U.),$);
#3127=IFCPROPERTYSET('0ffxp198NrPvotGUkQ02e6',#6,'Pset_BuildingCommon',$,(#3125,#3126));
#3128=IFCRELDEFINESBYPROPERTIES('3dByAKCB9XwpxoI4RW7N_U',#6,$,$,(#22),#3127);
#3129=IFCRELASSOCIATESMATERIAL('3g0o1xWq4MbYjkWwGnDK_E',#6,$,$,(#318),#326);
#3130=IFCRELASSOCIATESMATERIAL('2GZJl$7c47PkhsdlwSS0Ag',#6,$,$,(#353),#354);
#3131=IFCRELASSOCIATESMATERIAL('0wPlAqZOJOyfBX3ROppIdK',#6,$,$,(#376),#377);
#3132=IFCRELASSOCIATESMATERIAL('1pa$e7e8BZT0wpCC5mMDW3',#6,$,$,(#399),#400);
#3133=IFCRELASSOCIATESMATERIAL('07SH2GR77eWHyaYrG7nu17',#6,$,$,(#424),#433);
#3134=IFCRELASSOCIATESMATERIAL('0XwaSB$kmRe0JBv1EQWZ_y',#6,$,$,(#455),#456);
#3135=IFCRELASSOCIATESMATERIAL('1WKIEaHK1OteEnh0z9$Uce',#6,$,$,(#475),#476);
#3136=IFCRELASSOCIATESMATERIAL('1GJEdHooq8JtbuPOZyTI2s',#6,$,$,(#533,#552,#711,#756,#763,#776,#787,#798,#809,#958,#969,#980,#991,#1002,#1013),#544);
#3137=IFCRELASSOCIATESMATERIAL('1i18TG1eH7twoyqnN46HTx',#6,$,$,(#581),#582);
#3138=IFCRELASSOCIATESMATERIAL('3M0e2RiJqjTeeh0Tcd0ofa',#6,$,$,(#604),#605);
#3139=IFCRELASSOCIATESMATERIAL('1nMDfzkK7KnXDLY1TwBN_l',#6,$,$,(#627),#628);
#3140=IFCRELASSOCIATESMATERIAL('0PtDEjjKG3iFbmWsPoUp7z',#6,$,$,(#650),#651);
#3141=IFCRELASSOCIATESMATERIAL('2rQEGB4_L1$CGSi2EHTU$D',#6,$,$,(#673),#674);
#3142=IFCRELASSOCIATESMATERIAL('21pgtOlb33QGhoF7t7ov_F',#6,$,$,(#696),#697);
#3143=IFCRELASSOCIATESMATERIAL('1xFjnyvVWiM$UhrlfpJFxS',#6,$,$,(#828),#829);
#3144=IFCRELASSOCIATESMATERIAL('0hga6NidVIX4sfxeHW9ksh',#6,$,$,(#851),#852);
#3145=IFCRELASSOCIATESMATERIAL('2_ytLxmG646M8JK3Hr7rkd',#6,$,$,(#874),#875);
#3146=IFCRELASSOCIATESMATERIAL('0mzBhZsqudq8OVr0q7xNS$',#6,$,$,(#897),#898);
#3147=IFCRELASSOCIATESMATERIAL('14JGXibo8UXcYvyDGkTxGm',#6,$,$,(#920),#921);
#3148=IFCRELASSOCIATESMATERIAL('37sQt3DptXQC5U2v73T50N',#6,$,$,(#943),#944);
#3149=IFCRELASSOCIATESMATERIAL('21qG7pCbzFO0ANtvAGyBkU',#6,$,$,(#1082,#1100,#2674),#1093);
#3150=IFCRELASSOCIATESMATERIAL('22Rwux8KVa7e$BfhrW5Pmk',#6,$,$,(#1533,#1546,#1758,#1817,#2291,#2298,#2497,#2556,#2615,#2685,#2744,#2803,#2862,#2921,#2980,#3039),#1539);
#3151=IFCRELASSOCIATESMATERIAL('2s8qnlGQUPpAi2yPxJP6we',#6,$,$,(#1598,#1611,#1656,#1663,#1770,#1781,#1829,#1840,#2346,#2353,#2397,#2404,#2509,#2520,#2568,#2579,#2627,#2638,#2697,#2708,#2756,#2767,#2815,#2826,#2874,#2885,#2933,#2944,#2992,#3003,#3051,#3062),#1604);
#3152=IFCRELASSOCIATESMATERIAL('3VWRrQZKaH2EnIFMS5Abwg',#6,$,$,(#327),#325);
#3153=IFCRELASSOCIATESMATERIAL('0NBHHSKK5CvIbCM0oq5zqu',#6,$,$,(#425),#432);
#3154=IFCRELASSOCIATESMATERIAL('2lL_Gk5lX0vYuOF3SoNWiL',#6,$,$,(#1736,#1746,#1806,#1865,#2476,#2486,#2545,#2604,#2663,#2733,#2792,#2851,#2910,#2969,#3028,#3087),#1534);
#3155=IFCRELASSOCIATESMATERIAL('2RvZVtnpHSEoj9Yescuep5',#6,$,$,(#1705,#1712,#1792,#1851,#2446,#2453,#2531,#2590,#2649,#2719,#2778,#2837,#2896,#2955,#3014,#3073),#1599);
#3156=IFCRELDEFINESBYTYPE('37d1X39bkjl863K1L6L5yp',#6,$,$,(#54),#55);
#3157=IFCRELDEFINESBYTYPE('1R9oxln6BeehzJc1PzOuwf',#6,$,$,(#75),#76);
#3158=IFCRELDEFINESBYTYPE('0awcPgeNYn4ilExPzbBWh2',#6,$,$,(#97),#98);
#3159=IFCRELDEFINESBYTYPE('1zJYaNKbCzGa2AsjZ2uaIq',#6,$,$,(#118),#119);
#3160=IFCRELDEFINESBYTYPE('3ljnKgahjtdWStPCmz60WP',#6,$,$,(#140),#141);
#3161=IFCRELDEFINESBYTYPE('0XDjK35AlKIj11iqjPQiOW',#6,$,$,(#161),#162);
#3162=IFCRELDEFINESBYTYPE('1YN6hi0lFZWgf8pizlXOCn',#6,$,$,(#182),#183);
#3163=IFCRELDEFINESBYTYPE('3gUwnWVU8DYbprA1rY2CfP',#6,$,$,(#203),#204);
#3164=IFCRELDEFINESBYTYPE('0Wx38DkmhY4UfHQcbAWa67',#6,$,$,(#224),#225);
#3165=IFCRELDEFINESBYTYPE('3NjreLMF_gqIrEJqtkNGP_',#6,$,$,(#245),#246);
#3166=IFCRELDEFINESBYTYPE('1DNa4ijR2ni2wR4cBIMu_S',#6,$,$,(#266),#267);
#3167=IFCRELDEFINESBYTYPE('0ALloqsxk5yXl0FeCC9AfY',#6,$,$,(#287),#288);
#3168=IFCRELDEFINESBYTYPE('22UaGt5xHtcPNNGDHdUica',#6,$,$,(#318,#353,#376,#399,#581,#604,#627,#650,#673,#696,#828,#851,#874,#897,#920,#943),#327);
#3169=IFCRELDEFINESBYTYPE('1c_qU9vKvGjzSVBklnIQZh',#6,$,$,(#424,#455,#475),#425);
#3170=IFCRELDEFINESBYTYPE('1bpspxuH0FTlEOChyCFGb6',#6,$,$,(#552,#711,#798,#809,#958,#991,#1002),#533);
#3171=IFCRELDEFINESBYTYPE('3B4IOrdJF_I2muNmd$ni6V',#6,$,$,(#763,#776,#787,#969,#980,#1013),#756);
#3172=IFCRELDEFINESBYTYPE('0IPWesg1TpcXvQGXAUFWcH',#6,$,$,(#1100,#2674),#1082);
#3173=IFCRELDEFINESBYTYPE('3oTgvBaLSHd$1oZv4Ox91_',#6,$,$,(#1546,#1758,#1817,#2685,#2744,#2803),#1533);
#3174=IFCRELDEFINESBYTYPE('38oaqCy0sSesMInUTHB2mZ',#6,$,$,(#1611,#1770,#1829,#2697,#2756,#2815),#1598);
#3175=IFCRELDEFINESBYTYPE('3Dca0TrfgTda2FgYmE4TzJ',#6,$,$,(#1663,#1781,#1840,#2708,#2767,#2826),#1656);
#3176=IFCRELDEFINESBYTYPE('25clootiSJtgg_cZwxfzcY',#6,$,$,(#1712,#1792,#1851,#2719,#2778,#2837),#1705);
#3177=IFCRELDEFINESBYTYPE('39uiVQBiEKT$sJsFQTsk6B',#6,$,$,(#1746,#1806,#1865,#2733,#2792,#2851),#1736);
#3178=IFCRELDEFINESBYTYPE('1RjVnRqPrOzDeI7T_L$OXD',#6,$,$,(#2298,#2497,#2556,#2615,#2862,#2921,#2980,#3039),#2291);
#3179=IFCRELDEFINESBYTYPE('3m6nZjHEuao2Z4sJ5xC9ix',#6,$,$,(#2353,#2509,#2568,#2627,#2874,#2933,#2992,#3051),#2346);
#3180=IFCRELDEFINESBYTYPE('1jXQcHMw_Sf$TDSuRsTr07',#6,$,$,(#2404,#2520,#2579,#2638,#2885,#2944,#3003,#3062),#2397);
#3181=IFCRELDEFINESBYTYPE('18UHRX4l0NdUx3p76h9yMb',#6,$,$,(#2453,#2531,#2590,#2649,#2896,#2955,#3014,#3073),#2446);
#3182=IFCRELDEFINESBYTYPE('2X0uQW5rCB7jEI1cxtVEq8',#6,$,$,(#2486,#2545,#2604,#2663,#2910,#2969,#3028,#3087),#2476);
#3183=IFCRELCONNECTSPATHELEMENTS('0dlyqOEVWPTBxnUDSl_Hme',#6,'2VAVo7xAHC8gxIHnduhpKP|2VAVo7xAHC8gxIHnduhpMl','Structural',$,#318,#399,(),(),.ATEND.,.ATSTART.);
#3184=IFCRELCONNECTSPATHELEMENTS('1GPeXGiYSYtYs8G$k7KZtB',#6,'2VAVo7xAHC8gxIHnduhpKP|2VAVo7xAHC8gxIHnduhpK_','Structural',$,#318,#353,(),(),.ATSTART.,.ATEND.);
#3185=IFCRELCONNECTSPATHELEMENTS('1cQ15aUNxO_ozBmF7dgPf5',#6,'2VAVo7xAHC8gxIHnduhpK_|2VAVo7xAHC8gxIHnduhpL_','Structural',$,#353,#376,(),(),.ATSTART.,.ATEND.);
#3186=IFCRELCONNECTSPATHELEMENTS('3JsKEeokc3Zbpp0oZ03nxX',#6,'2VAVo7xAHC8gxIHnduhpL_|2VAVo7xAHC8gxIHnduhpMl','Structural',$,#376,#399,(),(),.ATSTART.,.ATEND.);
#3187=IFCRELCONNECTSPATHELEMENTS('1vkctkQ4cw1xQVP64vgjGf',#6,'2VAVo7xAHC8gxIHnduhpK_|2VAVo7xAHC8gxIHnduhpSg','Structural',$,#353,#581,(),(),.ATSTART.,.ATPATH.);
#3188=IFCRELCONNECTSPATHELEMENTS('1kuIWDVZayNsDGoTk8Qjk3',#6,'2VAVo7xAHC8gxIHnduhpSg|2VAVo7xAHC8gxIHnduhpPZ','Structural',$,#581,#627,(),(),.ATSTART.,.ATEND.);
#3189=IFCRELCONNECTSPATHELEMENTS('2kbBoqZTxIIsGdAIusOX6G',#6,'2VAVo7xAHC8gxIHnduhpSg|2VAVo7xAHC8gxIHnduhoqt','Structural',$,#581,#828,(),(),.ATEND.,.ATEND.);
#3190=IFCRELCONNECTSPATHELEMENTS('1yZJt1j$O$VwM$6tOQgbEw',#6,'2VAVo7xAHC8gxIHnduhpSg|2VAVo7xAHC8gxIHnduhoqf','Structural',$,#581,#874,(),(),.ATSTART.,.ATEND.);
#3191=IFCRELCONNECTSPATHELEMENTS('3dRPIZemCRxZ61gqbNngg_',#6,'2VAVo7xAHC8gxIHnduhpSg|2VAVo7xAHC8gxIHnduhpTq','Structural',$,#581,#604,(),(),.ATSTART.,.ATPATH.);
#3192=IFCRELCONNECTSPATHELEMENTS('06$75yGwyyG5suXKVyazzb',#6,'2VAVo7xAHC8gxIHnduhpKP|2VAVo7xAHC8gxIHnduhpTq','Structural',$,#318,#604,(),(),.ATEND.,.ATPATH.);
#3193=IFCRELCONNECTSPATHELEMENTS('0wgf5UZNKEu_WFqFIA594x',#6,'2VAVo7xAHC8gxIHnduhpPZ|2VAVo7xAHC8gxIHnduhoqt','Structural',$,#627,#828,(),(),.ATEND.,.ATSTART.);
#3194=IFCRELCONNECTSPATHELEMENTS('1XdLmun$KRBYZ$kkBnjULU',#6,'2VAVo7xAHC8gxIHnduhpPZ|2VAVo7xAHC8gxIHnduhoqf','Structural',$,#627,#874,(),(),.ATSTART.,.ATSTART.);
#3195=IFCRELCONNECTSPATHELEMENTS('3BL38RQzJGnzZOJnMRPCXP',#6,'2VAVo7xAHC8gxIHnduhpL_|2VAVo7xAHC8gxIHnduhpPZ','Structural',$,#376,#627,(),(),.ATEND.,.ATPATH.);
#3196=IFCRELCONNECTSPATHELEMENTS('0CiCHdcbsyvWGCv8ij7bOk',#6,'2VAVo7xAHC8gxIHnduhpPZ|2VAVo7xAHC8gxIHnduhpR2','Structural',$,#627,#650,(),(),.ATSTART.,.ATPATH.);
#3197=IFCRELCONNECTSPATHELEMENTS('1kJVTZJwuTLf_MLZyzRz40',#6,'2VAVo7xAHC8gxIHnduhpMl|2VAVo7xAHC8gxIHnduhpR2','Structural',$,#399,#650,(),(),.ATEND.,.ATPATH.);
#3198=IFCRELCONNECTSPATHELEMENTS('0Wv70UfExpZwxJiQw_QL5p',#6,'2VAVo7xAHC8gxIHnduhpR2|2VAVo7xAHC8gxIHnduhoco','Structural',$,#650,#673,(),(),.ATSTART.,.ATPATH.);
#3199=IFCRELCONNECTSPATHELEMENTS('2E3Ideb4ArGPyCPjOFXic3',#6,'2VAVo7xAHC8gxIHnduhpL_|2VAVo7xAHC8gxIHnduhoco','Structural',$,#376,#673,(),(),.ATEND.,.ATPATH.);
#3200=IFCRELCONNECTSPATHELEMENTS('2Eew5KN3YMirzzhp5Mls0w',#6,'2VAVo7xAHC8gxIHnduhpPZ|2VAVo7xAHC8gxIHnduhoY8','Structural',$,#627,#696,(),(),.ATSTART.,.ATPATH.);
#3201=IFCRELCONNECTSPATHELEMENTS('3TQ2pqH6oSQwZ6op8oey6X',#6,'2VAVo7xAHC8gxIHnduhpK_|2VAVo7xAHC8gxIHnduhoY8','Structural',$,#353,#696,(),(),.ATEND.,.ATPATH.);
#3202=IFCRELCONNECTSPATHELEMENTS('1adh4zNzA4FTlDEaPHk6uY',#6,'2VAVo7xAHC8gxIHnduhpK_|2VAVo7xAHC8gxIHnduhoqt','Structural',$,#353,#828,(),(),.ATSTART.,.ATPATH.);
#3203=IFCRELCONNECTSPATHELEMENTS('22hk5$uCmz2031ui2PyiPq',#6,'2VAVo7xAHC8gxIHnduhoqt|2VAVo7xAHC8gxIHnduhoqf','Structural',$,#828,#874,(),(),.ATSTART.,.ATEND.);
#3204=IFCRELCONNECTSPATHELEMENTS('1yHe63rJR2nPeUnjojUlTk',#6,'2VAVo7xAHC8gxIHnduhoqt|2VAVo7xAHC8gxIHnduhoqe','Structural',$,#828,#851,(),(),.ATSTART.,.ATPATH.);
#3205=IFCRELCONNECTSPATHELEMENTS('0vssd3vnTK8xSmpxjlsnLE',#6,'2VAVo7xAHC8gxIHnduhpKP|2VAVo7xAHC8gxIHnduhoqe','Structural',$,#318,#851,(),(),.ATEND.,.ATPATH.);
#3206=IFCRELCONNECTSPATHELEMENTS('3C87xrSre7pmjskWXtOhSW',#6,'2VAVo7xAHC8gxIHnduhpL_|2VAVo7xAHC8gxIHnduhoqf','Structural',$,#376,#874,(),(),.ATEND.,.ATPATH.);
#3207=IFCRELCONNECTSPATHELEMENTS('1SB_vWFuIyz7NQD_s0pd$e',#6,'2VAVo7xAHC8gxIHnduhoqf|2VAVo7xAHC8gxIHnduhoqg','Structural',$,#874,#897,(),(),.ATSTART.,.ATPATH.);
#3208=IFCRELCONNECTSPATHELEMENTS('2932zIwIuYMzon1K9oinb2',#6,'2VAVo7xAHC8gxIHnduhpMl|2VAVo7xAHC8gxIHnduhoqg','Structural',$,#399,#897,(),(),.ATEND.,.ATPATH.);
#3209=IFCRELCONNECTSPATHELEMENTS('3Z5_frxVGwKyHkNiYePWuQ',#6,'2VAVo7xAHC8gxIHnduhoqg|2VAVo7xAHC8gxIHnduhoqh','Structural',$,#897,#920,(),(),.ATSTART.,.ATPATH.);
#3210=IFCRELCONNECTSPATHELEMENTS('36PuAnpRpCft2nNUHyDThQ',#6,'2VAVo7xAHC8gxIHnduhpL_|2VAVo7xAHC8gxIHnduhoqh','Structural',$,#376,#920,(),(),.ATEND.,.ATPATH.);
#3211=IFCRELCONNECTSPATHELEMENTS('1JGI56trdIDlXUkZbvsg21',#6,'2VAVo7xAHC8gxIHnduhoqf|2VAVo7xAHC8gxIHnduhoqi','Structural',$,#874,#943,(),(),.ATSTART.,.ATPATH.);
#3212=IFCRELCONNECTSPATHELEMENTS('2GrL19QnCIQ$BR2Zr7h5Un',#6,'2VAVo7xAHC8gxIHnduhpK_|2VAVo7xAHC8gxIHnduhoqi','Structural',$,#353,#943,(),(),.ATEND.,.ATPATH.);
#3213=IFCPRESENTATIONLAYERASSIGNMENT('A-AREA',$,(#52,#73,#95,#116,#138,#159,#180,#201,#222,#243,#264,#285),$);
#3214=IFCPRESENTATIONLAYERASSIGNMENT('A-WALL',$,(#304,#317,#344,#352,#367,#375,#390,#398,#572,#580,#595,#603,#618,#626,#641,#649,#664,#672,#687,#695,#819,#827,#842,#850,#865,#873,#888,#896,#911,#919,#934,#942),$);
#3215=IFCPRESENTATIONLAYERASSIGNMENT('A-FLOR',$,(#422,#453,#473),$);
#3216=IFCPRESENTATIONLAYERASSIGNMENT('A-DOOR',$,(#528,#547,#706,#751,#758,#771,#782,#793,#804,#953,#964,#975,#986,#997,#1008),$);
#3217=IFCPRESENTATIONLAYERASSIGNMENT('A-GLAZ',$,(#1078,#1095,#1529,#1541,#1753,#1812,#2287,#2293,#2492,#2551,#2610,#2669,#2680,#2739,#2798,#2857,#2916,#2975,#3034),$);
#3218=IFCPRESENTATIONLAYERASSIGNMENT('A-GENM',$,(#1595,#1606,#1653,#1658,#1702,#1707,#1733,#1738,#1765,#1776,#1787,#1798,#1824,#1835,#1846,#1857,#2343,#2348,#2394,#2399,#2443,#2448,#2473,#2478,#2504,#2515,#2526,#2537,#2563,#2574,#2585,#2596,#2622,#2633,#2644,#2655,#2692,#2703,#2714,#2725,#2751,#2762,#2773,#2784,#2810,#2821,#2832,#2843,#2869,#2880,#2891,#2902,#2928,#2939,#2950,#2961,#2987,#2998,#3009,#3020,#3046,#3057,#3068,#3079),$);
#3219=IFCCARTESIANPOINT((0.90000000000000158,0.6999999999999994));
#3220=IFCAXIS2PLACEMENT2D(#3219,#307);
#3221=IFCRECTANGLEPROFILEDEF(.AREA.,$,#3220,1.8000000000000029,1.3999999999999988);
#3222=IFCAXIS2PLACEMENT3D(#10,#92,#44);
#3223=IFCEXTRUDEDAREASOLID(#3221,#3222,#44,0.20000000000000001);
#3224=IFCSHAPEREPRESENTATION(#15,'Body','SweptSolid',(#3223));
#3225=IFCPRODUCTDEFINITIONSHAPE($,$,(#3224));
#3226=IFCCARTESIANPOINT((5.1999999999999638,-0.10000000000000964,0.90000000000000491));
#3227=IFCAXIS2PLACEMENT3D(#3226,$,$);
#3228=IFCLOCALPLACEMENT(#300,#3227);
#3229=IFCOPENINGELEMENT('2F2swrZxseF_rlLddHiKpw',#6,'M_Window-Casement-Double:1400 x 1800mm:357956:1',$,'Opening',#3228,#3225,'357956');
#3230=IFCRELVOIDSELEMENT('2VAVo7xAHC8gxIHmtuhozS',#6,$,$,#318,#3229);
#3231=IFCRELFILLSELEMENT('0kndiDA3rCDHhvENlJ5cT6',#6,$,$,#3229,#2298);
#3232=IFCAXIS2PLACEMENT3D(#10,$,$);
#3233=IFCLOCALPLACEMENT(#3228,#3232);
#3234=IFCCARTESIANPOINT((0.90000000000000158,0.6999999999999994));
#3235=IFCAXIS2PLACEMENT2D(#3234,#307);
#3236=IFCRECTANGLEPROFILEDEF(.AREA.,$,#3235,1.8000000000000029,1.3999999999999988);
#3237=IFCAXIS2PLACEMENT3D(#10,#92,#44);
#3238=IFCEXTRUDEDAREASOLID(#3236,#3237,#44,0.20000000000000001);
#3239=IFCSHAPEREPRESENTATION(#15,'Body','SweptSolid',(#3238));
#3240=IFCPRODUCTDEFINITIONSHAPE($,$,(#3239));
#3241=IFCCARTESIANPOINT((2.,-0.10000000000000531,0.90000000000000491));
#3242=IFCAXIS2PLACEMENT3D(#3241,$,$);
#3243=IFCLOCALPLACEMENT(#300,#3242);
#3244=IFCOPENINGELEMENT('0j4oATHeKqzZb6_S7XrgKG',#6,'M_Window-Casement-Double:1400 x 1800mm:358025:1',$,'Opening',#3243,#3240,'358025');
#3245=IFCRELVOIDSELEMENT('2VAVo7xAHC8gxIHmtuho_H',#6,$,$,#318,#3244);
#3246=IFCRELFILLSELEMENT('3K9zV2s48UF5RDt5LYwHT_',#6,$,$,#3244,#2497);
#3247=IFCAXIS2PLACEMENT3D(#10,$,$);
#3248=IFCLOCALPLACEMENT(#3243,#3247);
#3249=IFCCARTESIANPOINT((0.90000000000000113,0.6999999999999994));
#3250=IFCAXIS2PLACEMENT2D(#3249,#307);
#3251=IFCRECTANGLEPROFILEDEF(.AREA.,$,#3250,1.8000000000000027,1.3999999999999988);
#3252=IFCAXIS2PLACEMENT3D(#10,#92,#44);
#3253=IFCEXTRUDEDAREASOLID(#3251,#3252,#44,0.20000000000000001);
#3254=IFCSHAPEREPRESENTATION(#15,'Body','SweptSolid',(#3253));
#3255=IFCPRODUCTDEFINITIONSHAPE($,$,(#3254));
#3256=IFCCARTESIANPOINT((5.1999999999999638,-0.10000000000000964,4.9000000000000057));
#3257=IFCAXIS2PLACEMENT3D(#3256,$,$);
#3258=IFCLOCALPLACEMENT(#300,#3257);
#3259=IFCOPENINGELEMENT('37GOHbtRpSf4dSQdwvRkan',#6,'M_Window-Casement-Double:1400 x 1800mm:358237:1',$,'Opening',#3258,#3255,'358237');
#3260=IFCRELVOIDSELEMENT('2VAVo7xAHC8gxIHmtuhov5',#6,$,$,#318,#3259);
#3261=IFCRELFILLSELEMENT('3wTYuqcuXg1rm0Rx3Sw7Uf',#6,$,$,#3259,#2862);
#3262=IFCAXIS2PLACEMENT3D(#10,$,$);
#3263=IFCLOCALPLACEMENT(#3258,#3262);
#3264=IFCCARTESIANPOINT((0.90000000000000113,0.6999999999999994));
#3265=IFCAXIS2PLACEMENT2D(#3264,#307);
#3266=IFCRECTANGLEPROFILEDEF(.AREA.,$,#3265,1.8000000000000027,1.3999999999999988);
#3267=IFCAXIS2PLACEMENT3D(#10,#92,#44);
#3268=IFCEXTRUDEDAREASOLID(#3266,#3267,#44,0.20000000000000001);
#3269=IFCSHAPEREPRESENTATION(#15,'Body','SweptSolid',(#3268));
#3270=IFCPRODUCTDEFINITIONSHAPE($,$,(#3269));
#3271=IFCCARTESIANPOINT((2.,-0.10000000000000531,4.9000000000000057));
#3272=IFCAXIS2PLACEMENT3D(#3271,$,$);
#3273=IFCLOCALPLACEMENT(#300,#3272);
#3274=IFCOPENINGELEMENT('1WtAtZ8UwPjnV2U7OGAEme',#6,'M_Window-Casement-Double:1400 x 1800mm:358242:1',$,'Opening',#3273,#3270,'358242');
#3275=IFCRELVOIDSELEMENT('2VAVo7xAHC8gxIHmtuhovw',#6,$,$,#318,#3274);
#3276=IFCRELFILLSELEMENT('3zGkHn0r1CF761QXrDTqaw',#6,$,$,#3274,#2921);
#3277=IFCAXIS2PLACEMENT3D(#10,$,$);
#3278=IFCLOCALPLACEMENT(#3273,#3277);
#3279=IFCCARTESIANPOINT((1.0669999999999997,0.45750000000000002));
#3280=IFCAXIS2PLACEMENT2D(#3279,#12);
#3281=IFCRECTANGLEPROFILEDEF(.AREA.,$,#3280,0.91499999999999981,2.1339999999999995);
#3282=IFCAXIS2PLACEMENT3D(#10,#92,#44);
#3283=IFCEXTRUDEDAREASOLID(#3281,#3282,#44,0.20000000000000001);
#3284=IFCSHAPEREPRESENTATION(#15,'Body','SweptSolid',(#3283));
#3285=IFCPRODUCTDEFINITIONSHAPE($,$,(#3284));
#3286=IFCCARTESIANPOINT((1.0999999999999968,-0.10000000000000109,0.));
#3287=IFCAXIS2PLACEMENT3D(#3286,$,$);
#3288=IFCLOCALPLACEMENT(#341,#3287);
#3289=IFCOPENINGELEMENT('0lfphYJvbv1VzAZHLVHcNi',#6,'M_Single-Flush:0915 x 2134mm:355701:1',$,'Opening',#3288,#3285,'355701');
#3290=IFCRELVOIDSELEMENT('2VAVo7xAHC8gxIHmtuhpHj',#6,$,$,#353,#3289);
#3291=IFCRELFILLSELEMENT('1pgtSfC_xFJOf6THEpDITo',#6,$,$,#3289,#552);
#3292=IFCAXIS2PLACEMENT3D(#10,$,$);
#3293=IFCLOCALPLACEMENT(#3288,#3292);
#3294=IFCCARTESIANPOINT((0.30499999999999944,0.20299999999999987));
#3295=IFCAXIS2PLACEMENT2D(#3294,#40);
#3296=IFCRECTANGLEPROFILEDEF(.AREA.,$,#3295,0.60999999999999899,0.40599999999999975);
#3297=IFCAXIS2PLACEMENT3D(#10,#92,#44);
#3298=IFCEXTRUDEDAREASOLID(#3296,#3297,#44,0.20000000000000001);
#3299=IFCSHAPEREPRESENTATION(#15,'Body','SweptSolid',(#3298));
#3300=IFCPRODUCTDEFINITIONSHAPE($,$,(#3299));
#3301=IFCCARTESIANPOINT((5.447000000000001,-0.099999999999999242,0.91500000000000536));
#3302=IFCAXIS2PLACEMENT3D(#3301,$,$);
#3303=IFCLOCALPLACEMENT(#341,#3302);
#3304=IFCOPENINGELEMENT('0Vj$sTXJllQc8JePmZvJrV',#6,'M_Fixed:0406 x 0610mm:357580:1',$,'Opening',#3303,#3300,'357580');
#3305=IFCRELVOIDSELEMENT('2VAVo7xAHC8gxIHmtuhotK',#6,$,$,#353,#3304);
#3306=IFCRELFILLSELEMENT('1hcWfNN94KKhgKmV_a_zc3',#6,$,$,#3304,#1100);
#3307=IFCAXIS2PLACEMENT3D(#10,$,$);
#3308=IFCLOCALPLACEMENT(#3303,#3307);
#3309=IFCCARTESIANPOINT((0.90000000000000158,0.6999999999999994));
#3310=IFCAXIS2PLACEMENT2D(#3309,#307);
#3311=IFCRECTANGLEPROFILEDEF(.AREA.,$,#3310,1.8000000000000029,1.3999999999999988);
#3312=IFCAXIS2PLACEMENT3D(#10,#92,#44);
#3313=IFCEXTRUDEDAREASOLID(#3311,#3312,#44,0.20000000000000001);
#3314=IFCSHAPEREPRESENTATION(#15,'Body','SweptSolid',(#3313));
#3315=IFCPRODUCTDEFINITIONSHAPE($,$,(#3314));
#3316=IFCCARTESIANPOINT((11.,-0.10000000000000001,0.90000000000000491));
#3317=IFCAXIS2PLACEMENT3D(#3316,$,$);
#3318=IFCLOCALPLACEMENT(#341,#3317);
#3319=IFCOPENINGELEMENT('2siIFrqkFaK_Ibp54M4cqE',#6,'M_Window-Casement-Double:1400 x 1800mm:358141:1',$,'Opening',#3318,#3315,'358141');
#3320=IFCRELVOIDSELEMENT('2VAVo7xAHC8gxIHmtuho$b',#6,$,$,#353,#3319);
#3321=IFCRELFILLSELEMENT('3xL8EI4M4eGAxeFZliSlME',#6,$,$,#3319,#2615);
#3322=IFCAXIS2PLACEMENT3D(#10,$,$);
#3323=IFCLOCALPLACEMENT(#3318,#3322);
#3324=IFCCARTESIANPOINT((0.30499999999999999,0.20299999999999987));
#3325=IFCAXIS2PLACEMENT2D(#3324,#40);
#3326=IFCRECTANGLEPROFILEDEF(.AREA.,$,#3325,0.60999999999999899,0.40599999999999975);
#3327=IFCAXIS2PLACEMENT3D(#10,#92,#44);
#3328=IFCEXTRUDEDAREASOLID(#3326,#3327,#44,0.20000000000000001);
#3329=IFCSHAPEREPRESENTATION(#15,'Body','SweptSolid',(#3328));
#3330=IFCPRODUCTDEFINITIONSHAPE($,$,(#3329));
#3331=IFCCARTESIANPOINT((5.447000000000001,-0.099999999999999242,4.9150000000000045));
#3332=IFCAXIS2PLACEMENT3D(#3331,$,$);
#3333=IFCLOCALPLACEMENT(#341,#3332);
#3334=IFCOPENINGELEMENT('0gq_vi4h1AYB5A99ez2nkE',#6,'M_Fixed:0406 x 0610mm:358221:1',$,'Opening',#3333,#3330,'358221');
#3335=IFCRELVOIDSELEMENT('2VAVo7xAHC8gxIHmtuhovL',#6,$,$,#353,#3334);
#3336=IFCRELFILLSELEMENT('2hSL8C5X96XNGCe8fhVyBm',#6,$,$,#3334,#2674);
#3337=IFCAXIS2PLACEMENT3D(#10,$,$);
#3338=IFCLOCALPLACEMENT(#3333,#3337);
#3339=IFCCARTESIANPOINT((0.90000000000000113,0.6999999999999994));
#3340=IFCAXIS2PLACEMENT2D(#3339,#307);
#3341=IFCRECTANGLEPROFILEDEF(.AREA.,$,#3340,1.8000000000000027,1.3999999999999988);
#3342=IFCAXIS2PLACEMENT3D(#10,#92,#44);
#3343=IFCEXTRUDEDAREASOLID(#3341,#3342,#44,0.20000000000000001);
#3344=IFCSHAPEREPRESENTATION(#15,'Body','SweptSolid',(#3343));
#3345=IFCPRODUCTDEFINITIONSHAPE($,$,(#3344));
#3346=IFCCARTESIANPOINT((11.,-0.10000000000000001,4.9000000000000057));
#3347=IFCAXIS2PLACEMENT3D(#3346,$,$);
#3348=IFCLOCALPLACEMENT(#341,#3347);
#3349=IFCOPENINGELEMENT('0whtMRB781zyUdshqrw6$K',#6,'M_Window-Casement-Double:1400 x 1800mm:358252:1',$,'Opening',#3348,#3345,'358252');
#3350=IFCRELVOIDSELEMENT('2VAVo7xAHC8gxIHmtuhovq',#6,$,$,#353,#3349);
#3351=IFCRELFILLSELEMENT('0bNCzp$rYeYJ$Z8RbjMfag',#6,$,$,#3349,#3039);
#3352=IFCAXIS2PLACEMENT3D(#10,$,$);
#3353=IFCLOCALPLACEMENT(#3348,#3352);
#3354=IFCCARTESIANPOINT((0.67500000000000115,0.52499999999999969));
#3355=IFCAXIS2PLACEMENT2D(#3354,#307);
#3356=IFCRECTANGLEPROFILEDEF(.AREA.,$,#3355,1.3500000000000023,1.0499999999999994);
#3357=IFCAXIS2PLACEMENT3D(#10,#92,#44);
#3358=IFCEXTRUDEDAREASOLID(#3356,#3357,#44,0.20000000000000001);
#3359=IFCSHAPEREPRESENTATION(#15,'Body','SweptSolid',(#3358));
#3360=IFCPRODUCTDEFINITIONSHAPE($,$,(#3359));
#3361=IFCCARTESIANPOINT((1.3750000000000193,-0.10000000000000261,0.90000000000000491));
#3362=IFCAXIS2PLACEMENT3D(#3361,$,$);
#3363=IFCLOCALPLACEMENT(#364,#3362);
#3364=IFCOPENINGELEMENT('3DHKejtzbSzXLBndxzlPOP',#6,'M_Window-Casement-Double:1050 x 1350mm:357771:1',$,'Opening',#3363,#3360,'357771');
#3365=IFCRELVOIDSELEMENT('2VAVo7xAHC8gxIHmtuhooJ',#6,$,$,#376,#3364);
#3366=IFCRELFILLSELEMENT('1Cl9BPPr5yCadNVkb7H2Bf',#6,$,$,#3364,#1546);
#3367=IFCAXIS2PLACEMENT3D(#10,$,$);
#3368=IFCLOCALPLACEMENT(#3363,#3367);
#3369=IFCCARTESIANPOINT((0.67500000000000115,0.52499999999999969));
#3370=IFCAXIS2PLACEMENT2D(#3369,#307);
#3371=IFCRECTANGLEPROFILEDEF(.AREA.,$,#3370,1.3500000000000023,1.0499999999999994);
#3372=IFCAXIS2PLACEMENT3D(#10,#92,#44);
#3373=IFCEXTRUDEDAREASOLID(#3371,#3372,#44,0.20000000000000001);
#3374=IFCSHAPEREPRESENTATION(#15,'Body','SweptSolid',(#3373));
#3375=IFCPRODUCTDEFINITIONSHAPE($,$,(#3374));
#3376=IFCCARTESIANPOINT((4.9750000000000361,-0.10000000000000858,0.90000000000000491));
#3377=IFCAXIS2PLACEMENT3D(#3376,$,$);
#3378=IFCLOCALPLACEMENT(#364,#3377);
#3379=IFCOPENINGELEMENT('2SBe4WnUq0GCT0ZlRleTtM',#6,'M_Window-Casement-Double:1050 x 1350mm:357848:1',$,'Opening',#3378,#3375,'357848');
#3380=IFCRELVOIDSELEMENT('2VAVo7xAHC8gxIHmtuhop0',#6,$,$,#376,#3379);
#3381=IFCRELFILLSELEMENT('2WMpsxwYQYTE51Ud5o8E9L',#6,$,$,#3379,#1758);
#3382=IFCAXIS2PLACEMENT3D(#10,$,$);
#3383=IFCLOCALPLACEMENT(#3378,#3382);
#3384=IFCCARTESIANPOINT((0.67500000000000115,0.52499999999999969));
#3385=IFCAXIS2PLACEMENT2D(#3384,#307);
#3386=IFCRECTANGLEPROFILEDEF(.AREA.,$,#3385,1.3500000000000023,1.0499999999999994);
#3387=IFCAXIS2PLACEMENT3D(#10,#92,#44);
#3388=IFCEXTRUDEDAREASOLID(#3386,#3387,#44,0.20000000000000001);
#3389=IFCSHAPEREPRESENTATION(#15,'Body','SweptSolid',(#3388));
#3390=IFCPRODUCTDEFINITIONSHAPE($,$,(#3389));
#3391=IFCCARTESIANPOINT((8.9250000000000185,-0.10000000000001506,0.90000000000000491));
#3392=IFCAXIS2PLACEMENT3D(#3391,$,$);
#3393=IFCLOCALPLACEMENT(#364,#3392);
#3394=IFCOPENINGELEMENT('20s1kGTNPQueOalC4V82Mg',#6,'M_Window-Casement-Double:1050 x 1350mm:357876:1',$,'Opening',#3393,#3390,'357876');
#3395=IFCRELVOIDSELEMENT('2VAVo7xAHC8gxIHmtuhopi',#6,$,$,#376,#3394);
#3396=IFCRELFILLSELEMENT('1503uPQEXl3QJwJOFf64Gn',#6,$,$,#3394,#1817);
#3397=IFCAXIS2PLACEMENT3D(#10,$,$);
#3398=IFCLOCALPLACEMENT(#3393,#3397);
#3399=IFCCARTESIANPOINT((0.67500000000000138,0.52499999999999969));
#3400=IFCAXIS2PLACEMENT2D(#3399,#307);
#3401=IFCRECTANGLEPROFILEDEF(.AREA.,$,#3400,1.3500000000000023,1.0499999999999994);
#3402=IFCAXIS2PLACEMENT3D(#10,#92,#44);
#3403=IFCEXTRUDEDAREASOLID(#3401,#3402,#44,0.20000000000000001);
#3404=IFCSHAPEREPRESENTATION(#15,'Body','SweptSolid',(#3403));
#3405=IFCPRODUCTDEFINITIONSHAPE($,$,(#3404));
#3406=IFCCARTESIANPOINT((1.3750000000000193,-0.10000000000000261,4.9000000000000057));
#3407=IFCAXIS2PLACEMENT3D(#3406,$,$);
#3408=IFCLOCALPLACEMENT(#364,#3407);
#3409=IFCOPENINGELEMENT('3BjvA0IOY6mtYMTdysddtW',#6,'M_Window-Casement-Double:1050 x 1350mm:358222:1',$,'Opening',#3408,#3405,'358222');
#3410=IFCRELVOIDSELEMENT('2VAVo7xAHC8gxIHmtuhovM',#6,$,$,#376,#3409);
#3411=IFCRELFILLSELEMENT('3u1w5yTAD5gnCiVLN7qEtB',#6,$,$,#3409,#2685);
#3412=IFCAXIS2PLACEMENT3D(#10,$,$);
#3413=IFCLOCALPLACEMENT(#3408,#3412);
#3414=IFCCARTESIANPOINT((0.67500000000000138,0.52499999999999969));
#3415=IFCAXIS2PLACEMENT2D(#3414,#307);
#3416=IFCRECTANGLEPROFILEDEF(.AREA.,$,#3415,1.3500000000000023,1.0499999999999994);
#3417=IFCAXIS2PLACEMENT3D(#10,#92,#44);
#3418=IFCEXTRUDEDAREASOLID(#3416,#3417,#44,0.20000000000000001);
#3419=IFCSHAPEREPRESENTATION(#15,'Body','SweptSolid',(#3418));
#3420=IFCPRODUCTDEFINITIONSHAPE($,$,(#3419));
#3421=IFCCARTESIANPOINT((4.9750000000000361,-0.10000000000000858,4.9000000000000057));
#3422=IFCAXIS2PLACEMENT3D(#3421,$,$);
#3423=IFCLOCALPLACEMENT(#364,#3422);
#3424=IFCOPENINGELEMENT('177xh52VaMoQbsigGUlxQ3',#6,'M_Window-Casement-Double:1050 x 1350mm:358227:1',$,'Opening',#3423,#3420,'358227');
#3425=IFCRELVOIDSELEMENT('2VAVo7xAHC8gxIHmtuhovB',#6,$,$,#376,#3424);
#3426=IFCRELFILLSELEMENT('2Pl5_FZsi2sK17YYkqpoap',#6,$,$,#3424,#2744);
#3427=IFCAXIS2PLACEMENT3D(#10,$,$);
#3428=IFCLOCALPLACEMENT(#3423,#3427);
#3429=IFCCARTESIANPOINT((0.67500000000000138,0.52499999999999969));
#3430=IFCAXIS2PLACEMENT2D(#3429,#307);
#3431=IFCRECTANGLEPROFILEDEF(.AREA.,$,#3430,1.3500000000000023,1.0499999999999994);
#3432=IFCAXIS2PLACEMENT3D(#10,#92,#44);
#3433=IFCEXTRUDEDAREASOLID(#3431,#3432,#44,0.20000000000000001);
#3434=IFCSHAPEREPRESENTATION(#15,'Body','SweptSolid',(#3433));
#3435=IFCPRODUCTDEFINITIONSHAPE($,$,(#3434));
#3436=IFCCARTESIANPOINT((8.9250000000000185,-0.10000000000001506,4.9000000000000057));
#3437=IFCAXIS2PLACEMENT3D(#3436,$,$);
#3438=IFCLOCALPLACEMENT(#364,#3437);
#3439=IFCOPENINGELEMENT('1iSFHOebKzLjHTg_Cll4J5',#6,'M_Window-Casement-Double:1050 x 1350mm:358232:1',$,'Opening',#3438,#3435,'358232');
#3440=IFCRELVOIDSELEMENT('2VAVo7xAHC8gxIHmtuhov0',#6,$,$,#376,#3439);
#3441=IFCRELFILLSELEMENT('17ik$fic3$uOT0dar6m$YO',#6,$,$,#3439,#2803);
#3442=IFCAXIS2PLACEMENT3D(#10,$,$);
#3443=IFCLOCALPLACEMENT(#3438,#3442);
#3444=IFCCARTESIANPOINT((0.90000000000000158,0.6999999999999994));
#3445=IFCAXIS2PLACEMENT2D(#3444,#307);
#3446=IFCRECTANGLEPROFILEDEF(.AREA.,$,#3445,1.8000000000000029,1.3999999999999988);
#3447=IFCAXIS2PLACEMENT3D(#10,#92,#44);
#3448=IFCEXTRUDEDAREASOLID(#3446,#3447,#44,0.20000000000000001);
#3449=IFCSHAPEREPRESENTATION(#15,'Body','SweptSolid',(#3448));
#3450=IFCPRODUCTDEFINITIONSHAPE($,$,(#3449));
#3451=IFCCARTESIANPOINT((4.5999999999999996,-0.10000000000001409,0.90000000000000491));
#3452=IFCAXIS2PLACEMENT3D(#3451,$,$);
#3453=IFCLOCALPLACEMENT(#387,#3452);
#3454=IFCOPENINGELEMENT('0HbydyXIbmG14bDSxaRGMI',#6,'M_Window-Casement-Double:1400 x 1800mm:358081:1',$,'Opening',#3453,#3450,'358081');
#3455=IFCRELVOIDSELEMENT('2VAVo7xAHC8gxIHmtuho$P',#6,$,$,#399,#3454);
#3456=IFCRELFILLSELEMENT('3va9G5Shjrvli$8F43dOQo',#6,$,$,#3454,#2556);
#3457=IFCAXIS2PLACEMENT3D(#10,$,$);
#3458=IFCLOCALPLACEMENT(#3453,#3457);
#3459=IFCCARTESIANPOINT((0.90000000000000113,0.6999999999999994));
#3460=IFCAXIS2PLACEMENT2D(#3459,#307);
#3461=IFCRECTANGLEPROFILEDEF(.AREA.,$,#3460,1.8000000000000027,1.3999999999999988);
#3462=IFCAXIS2PLACEMENT3D(#10,#92,#44);
#3463=IFCEXTRUDEDAREASOLID(#3461,#3462,#44,0.20000000000000001);
#3464=IFCSHAPEREPRESENTATION(#15,'Body','SweptSolid',(#3463));
#3465=IFCPRODUCTDEFINITIONSHAPE($,$,(#3464));
#3466=IFCCARTESIANPOINT((4.5999999999999996,-0.10000000000001409,4.9000000000000057));
#3467=IFCAXIS2PLACEMENT3D(#3466,$,$);
#3468=IFCLOCALPLACEMENT(#387,#3467);
#3469=IFCOPENINGELEMENT('1WfEr7S_B7MF70h7VTi8cs',#6,'M_Window-Casement-Double:1400 x 1800mm:358247:1',$,'Opening',#3468,#3465,'358247');
#3470=IFCRELVOIDSELEMENT('2VAVo7xAHC8gxIHmtuhov$',#6,$,$,#399,#3469);
#3471=IFCRELFILLSELEMENT('308Z8ycu9PVVzeg1b7wrRr',#6,$,$,#3469,#2980);
#3472=IFCAXIS2PLACEMENT3D(#10,$,$);
#3473=IFCLOCALPLACEMENT(#3468,#3472);
#3474=IFCCARTESIANPOINT((1.0669999999999997,0.45750000000000046));
#3475=IFCDIRECTION((0.,-1.));
#3476=IFCAXIS2PLACEMENT2D(#3474,#3475);
#3477=IFCRECTANGLEPROFILEDEF(.AREA.,$,#3476,0.91500000000000037,2.1339999999999995);
#3478=IFCAXIS2PLACEMENT3D(#10,#92,#44);
#3479=IFCEXTRUDEDAREASOLID(#3477,#3478,#44,0.20000000000000001);
#3480=IFCSHAPEREPRESENTATION(#15,'Body','SweptSolid',(#3479));
#3481=IFCPRODUCTDEFINITIONSHAPE($,$,(#3480));
#3482=IFCCARTESIANPOINT((0.19999999999999676,-0.10000000000000238,0.));
#3483=IFCAXIS2PLACEMENT3D(#3482,$,$);
#3484=IFCLOCALPLACEMENT(#569,#3483);
#3485=IFCOPENINGELEMENT('1uYl5TU6vaX3DKjWRWLgMB',#6,'M_Single-Flush:0915 x 2134mm:356899:1',$,'Opening',#3484,#3481,'356899');
#3486=IFCRELVOIDSELEMENT('2VAVo7xAHC8gxIHmtuhoix',#6,$,$,#581,#3485);
#3487=IFCRELFILLSELEMENT('2ON2hyj1n2zyCiHp2hZyr1',#6,$,$,#3485,#763);
#3488=IFCAXIS2PLACEMENT3D(#10,$,$);
#3489=IFCLOCALPLACEMENT(#3484,#3488);
#3490=IFCCARTESIANPOINT((1.0669999999999997,0.45750000000000002));
#3491=IFCAXIS2PLACEMENT2D(#3490,#12);
#3492=IFCRECTANGLEPROFILEDEF(.AREA.,$,#3491,0.91499999999999981,2.1339999999999995);
#3493=IFCAXIS2PLACEMENT3D(#10,#92,#44);
#3494=IFCEXTRUDEDAREASOLID(#3492,#3493,#44,0.20000000000000001);
#3495=IFCSHAPEREPRESENTATION(#15,'Body','SweptSolid',(#3494));
#3496=IFCPRODUCTDEFINITIONSHAPE($,$,(#3495));
#3497=IFCCARTESIANPOINT((1.4424999999999926,-0.10000000000000553,0.));
#3498=IFCAXIS2PLACEMENT3D(#3497,$,$);
#3499=IFCLOCALPLACEMENT(#592,#3498);
#3500=IFCOPENINGELEMENT('2VBqpJ257kCEYUmuU98QIn',#6,'M_Single-Flush:0915 x 2134mm:356819:1',$,'Opening',#3499,#3496,'356819');
#3501=IFCRELVOIDSELEMENT('2VAVo7xAHC8gxIHmtuhoZB',#6,$,$,#604,#3500);
#3502=IFCRELFILLSELEMENT('3iucokPhVudgqJjvq9mlBb',#6,$,$,#3500,#711);
#3503=IFCAXIS2PLACEMENT3D(#10,$,$);
#3504=IFCLOCALPLACEMENT(#3499,#3503);
#3505=IFCCARTESIANPOINT((1.0669999999999997,0.45750000000000035));
#3506=IFCAXIS2PLACEMENT2D(#3505,#3475);
#3507=IFCRECTANGLEPROFILEDEF(.AREA.,$,#3506,0.91500000000000004,2.1339999999999995);
#3508=IFCAXIS2PLACEMENT3D(#10,#92,#44);
#3509=IFCEXTRUDEDAREASOLID(#3507,#3508,#44,0.20000000000000001);
#3510=IFCSHAPEREPRESENTATION(#15,'Body','SweptSolid',(#3509));
#3511=IFCPRODUCTDEFINITIONSHAPE($,$,(#3510));
#3512=IFCCARTESIANPOINT((0.40000000000000652,-0.10000000000000238,0.));
#3513=IFCAXIS2PLACEMENT3D(#3512,$,$);
#3514=IFCLOCALPLACEMENT(#638,#3513);
#3515=IFCOPENINGELEMENT('3YoQHwkYXHH5JY8EQwlHc0',#6,'M_Single-Flush:0915 x 2134mm:356990:1',$,'Opening',#3514,#3511,'356990');
#3516=IFCRELVOIDSELEMENT('2VAVo7xAHC8gxIHmtuhojc',#6,$,$,#650,#3515);
#3517=IFCRELFILLSELEMENT('3xPARRKhGL6O1BqXOU_b8Q',#6,$,$,#3515,#787);
#3518=IFCAXIS2PLACEMENT3D(#10,$,$);
#3519=IFCLOCALPLACEMENT(#3514,#3518);
#3520=IFCCARTESIANPOINT((1.0669999999999997,0.45750000000000002));
#3521=IFCAXIS2PLACEMENT2D(#3520,#12);
#3522=IFCRECTANGLEPROFILEDEF(.AREA.,$,#3521,0.91499999999999981,2.1339999999999995);
#3523=IFCAXIS2PLACEMENT3D(#10,#92,#44);
#3524=IFCEXTRUDEDAREASOLID(#3522,#3523,#44,0.20000000000000001);
#3525=IFCSHAPEREPRESENTATION(#15,'Body','SweptSolid',(#3524));
#3526=IFCPRODUCTDEFINITIONSHAPE($,$,(#3525));
#3527=IFCCARTESIANPOINT((6.4849999999999657,-0.10000000000001212,0.));
#3528=IFCAXIS2PLACEMENT3D(#3527,$,$);
#3529=IFCLOCALPLACEMENT(#638,#3528);
#3530=IFCOPENINGELEMENT('2uA4jq0g7xQxMeZnZlvV_C',#6,'M_Single-Flush:0915 x 2134mm:357254:1',$,'Opening',#3529,#3526,'357254');
#3531=IFCRELVOIDSELEMENT('2VAVo7xAHC8gxIHmtuhogU',#6,$,$,#650,#3530);
#3532=IFCRELFILLSELEMENT('0FSl4DpIPqMkhGUtnLahoa',#6,$,$,#3530,#809);
#3533=IFCAXIS2PLACEMENT3D(#10,$,$);
#3534=IFCLOCALPLACEMENT(#3529,#3533);
#3535=IFCCARTESIANPOINT((1.0669999999999997,0.4575000000000003));
#3536=IFCAXIS2PLACEMENT2D(#3535,#12);
#3537=IFCRECTANGLEPROFILEDEF(.AREA.,$,#3536,0.91499999999999981,2.1339999999999995);
#3538=IFCAXIS2PLACEMENT3D(#10,#45,#44);
#3539=IFCEXTRUDEDAREASOLID(#3537,#3538,#44,0.20000000000000001);
#3540=IFCSHAPEREPRESENTATION(#15,'Body','SweptSolid',(#3539));
#3541=IFCPRODUCTDEFINITIONSHAPE($,$,(#3540));
#3542=IFCCARTESIANPOINT((1.1150000000000069,0.099999999999997299,0.));
#3543=IFCAXIS2PLACEMENT3D(#3542,$,$);
#3544=IFCLOCALPLACEMENT(#661,#3543);
#3545=IFCOPENINGELEMENT('1fwh6xlJKbrkprbQtBmhsT',#6,'M_Single-Flush:0915 x 2134mm:357208:1',$,'Opening',#3544,#3541,'357208');
#3546=IFCRELVOIDSELEMENT('2VAVo7xAHC8gxIHmtuhof0',#6,$,$,#673,#3545);
#3547=IFCRELFILLSELEMENT('0Q63Xud1f0bb76dQ8SkW74',#6,$,$,#3545,#798);
#3548=IFCAXIS2PLACEMENT3D(#10,#44,#135);
#3549=IFCLOCALPLACEMENT(#3544,#3548);
#3550=IFCCARTESIANPOINT((1.0669999999999997,0.45750000000000046));
#3551=IFCAXIS2PLACEMENT2D(#3550,#3475);
#3552=IFCRECTANGLEPROFILEDEF(.AREA.,$,#3551,0.91500000000000037,2.1339999999999995);
#3553=IFCAXIS2PLACEMENT3D(#10,#45,#44);
#3554=IFCEXTRUDEDAREASOLID(#3552,#3553,#44,0.20000000000000001);
#3555=IFCSHAPEREPRESENTATION(#15,'Body','SweptSolid',(#3554));
#3556=IFCPRODUCTDEFINITIONSHAPE($,$,(#3555));
#3557=IFCCARTESIANPOINT((3.6000000000000147,0.099999999999995898,0.));
#3558=IFCAXIS2PLACEMENT3D(#3557,$,$);
#3559=IFCLOCALPLACEMENT(#684,#3558);
#3560=IFCOPENINGELEMENT('0snMadJKRrF6dk0f91QDRc',#6,'M_Single-Flush:0915 x 2134mm:356944:1',$,'Opening',#3559,#3556,'356944');
#3561=IFCRELVOIDSELEMENT('2VAVo7xAHC8gxIHmtuhoj8',#6,$,$,#696,#3560);
#3562=IFCRELFILLSELEMENT('1$mYtCtiypmnaWx_W40y8q',#6,$,$,#3560,#776);
#3563=IFCAXIS2PLACEMENT3D(#10,#44,#135);
#3564=IFCLOCALPLACEMENT(#3559,#3563);
#3565=IFCCARTESIANPOINT((1.0670000000000002,0.45750000000000046));
#3566=IFCAXIS2PLACEMENT2D(#3565,#3475);
#3567=IFCRECTANGLEPROFILEDEF(.AREA.,$,#3566,0.91500000000000037,2.1339999999999995);
#3568=IFCAXIS2PLACEMENT3D(#10,#92,#44);
#3569=IFCEXTRUDEDAREASOLID(#3567,#3568,#44,0.20000000000000001);
#3570=IFCSHAPEREPRESENTATION(#15,'Body','SweptSolid',(#3569));
#3571=IFCPRODUCTDEFINITIONSHAPE($,$,(#3570));
#3572=IFCCARTESIANPOINT((0.099999999999996758,-0.10000000000000239,0.));
#3573=IFCAXIS2PLACEMENT3D(#3572,$,$);
#3574=IFCLOCALPLACEMENT(#816,#3573);
#3575=IFCOPENINGELEMENT('1Y593HnObd01RfQjIZQfJh',#6,'M_Single-Flush:0915 x 2134mm:357511:1',$,'Opening',#3574,#3571,'357511');
#3576=IFCRELVOIDSELEMENT('2VAVo7xAHC8gxIHmtuhosV',#6,$,$,#828,#3575);
#3577=IFCRELFILLSELEMENT('24$zv6o$EdjWhaP4VB2TIZ',#6,$,$,#3575,#1013);
#3578=IFCAXIS2PLACEMENT3D(#10,$,$);
#3579=IFCLOCALPLACEMENT(#3574,#3578);
#3580=IFCCARTESIANPOINT((1.0670000000000002,0.45750000000000002));
#3581=IFCAXIS2PLACEMENT2D(#3580,#12);
#3582=IFCRECTANGLEPROFILEDEF(.AREA.,$,#3581,0.91499999999999981,2.1339999999999995);
#3583=IFCAXIS2PLACEMENT3D(#10,#92,#44);
#3584=IFCEXTRUDEDAREASOLID(#3582,#3583,#44,0.20000000000000001);
#3585=IFCSHAPEREPRESENTATION(#15,'Body','SweptSolid',(#3584));
#3586=IFCPRODUCTDEFINITIONSHAPE($,$,(#3585));
#3587=IFCCARTESIANPOINT((1.4424999999999926,-0.10000000000000553,0.));
#3588=IFCAXIS2PLACEMENT3D(#3587,$,$);
#3589=IFCLOCALPLACEMENT(#839,#3588);
#3590=IFCOPENINGELEMENT('33qhmAbgQ9UF3fTtatSZUD',#6,'M_Single-Flush:0915 x 2134mm:357429:1',$,'Opening',#3589,#3586,'357429');
#3591=IFCRELVOIDSELEMENT('2VAVo7xAHC8gxIHmtuhoqj',#6,$,$,#851,#3590);
#3592=IFCRELFILLSELEMENT('3aWaMCUBZCV0QXFoif6M2l',#6,$,$,#3590,#958);
#3593=IFCAXIS2PLACEMENT3D(#10,$,$);
#3594=IFCLOCALPLACEMENT(#3589,#3593);
#3595=IFCCARTESIANPOINT((1.0670000000000002,0.45750000000000035));
#3596=IFCAXIS2PLACEMENT2D(#3595,#3475);
#3597=IFCRECTANGLEPROFILEDEF(.AREA.,$,#3596,0.91500000000000004,2.1339999999999995);
#3598=IFCAXIS2PLACEMENT3D(#10,#92,#44);
#3599=IFCEXTRUDEDAREASOLID(#3597,#3598,#44,0.20000000000000001);
#3600=IFCSHAPEREPRESENTATION(#15,'Body','SweptSolid',(#3599));
#3601=IFCPRODUCTDEFINITIONSHAPE($,$,(#3600));
#3602=IFCCARTESIANPOINT((0.40000000000000652,-0.10000000000000238,0.));
#3603=IFCAXIS2PLACEMENT3D(#3602,$,$);
#3604=IFCLOCALPLACEMENT(#885,#3603);
#3605=IFCOPENINGELEMENT('2DDD22qbgU_rqA_QJR$Y_l',#6,'M_Single-Flush:0915 x 2134mm:357432:1',$,'Opening',#3604,#3601,'357432');
#3606=IFCRELVOIDSELEMENT('2VAVo7xAHC8gxIHmtuhoqW',#6,$,$,#897,#3605);
#3607=IFCRELFILLSELEMENT('1Hx5iIE0zCw6RxSSSiIveS',#6,$,$,#3605,#980);
#3608=IFCAXIS2PLACEMENT3D(#10,$,$);
#3609=IFCLOCALPLACEMENT(#3604,#3608);
#3610=IFCCARTESIANPOINT((1.0670000000000002,0.45750000000000002));
#3611=IFCAXIS2PLACEMENT2D(#3610,#12);
#3612=IFCRECTANGLEPROFILEDEF(.AREA.,$,#3611,0.91499999999999981,2.1339999999999995);
#3613=IFCAXIS2PLACEMENT3D(#10,#92,#44);
#3614=IFCEXTRUDEDAREASOLID(#3612,#3613,#44,0.20000000000000001);
#3615=IFCSHAPEREPRESENTATION(#15,'Body','SweptSolid',(#3614));
#3616=IFCPRODUCTDEFINITIONSHAPE($,$,(#3615));
#3617=IFCCARTESIANPOINT((6.4849999999999657,-0.10000000000001212,0.));
#3618=IFCAXIS2PLACEMENT3D(#3617,$,$);
#3619=IFCLOCALPLACEMENT(#885,#3618);
#3620=IFCOPENINGELEMENT('0KaTo11v$LtbP6Nt6JAsRq',#6,'M_Single-Flush:0915 x 2134mm:357434:1',$,'Opening',#3619,#3616,'357434');
#3621=IFCRELVOIDSELEMENT('2VAVo7xAHC8gxIHmtuhoqY',#6,$,$,#897,#3620);
#3622=IFCRELFILLSELEMENT('2JtTrGGb4$0p94uVxe20wg',#6,$,$,#3620,#1002);
#3623=IFCAXIS2PLACEMENT3D(#10,$,$);
#3624=IFCLOCALPLACEMENT(#3619,#3623);
#3625=IFCCARTESIANPOINT((1.0670000000000002,0.4575000000000003));
#3626=IFCAXIS2PLACEMENT2D(#3625,#12);
#3627=IFCRECTANGLEPROFILEDEF(.AREA.,$,#3626,0.91499999999999981,2.1339999999999995);
#3628=IFCAXIS2PLACEMENT3D(#10,#45,#44);
#3629=IFCEXTRUDEDAREASOLID(#3627,#3628,#44,0.20000000000000001);
#3630=IFCSHAPEREPRESENTATION(#15,'Body','SweptSolid',(#3629));
#3631=IFCPRODUCTDEFINITIONSHAPE($,$,(#3630));
#3632=IFCCARTESIANPOINT((1.1150000000000069,0.099999999999997299,0.));
#3633=IFCAXIS2PLACEMENT3D(#3632,$,$);
#3634=IFCLOCALPLACEMENT(#908,#3633);
#3635=IFCOPENINGELEMENT('3N$Jj8Th$nzP1ZZnrlf6Dg',#6,'M_Single-Flush:0915 x 2134mm:357433:1',$,'Opening',#3634,#3631,'357433');
#3636=IFCRELVOIDSELEMENT('2VAVo7xAHC8gxIHmtuhoqX',#6,$,$,#920,#3635);
#3637=IFCRELFILLSELEMENT('3BkomkE2eMiauqErSDTjQi',#6,$,$,#3635,#991);
#3638=IFCAXIS2PLACEMENT3D(#10,#44,#135);
#3639=IFCLOCALPLACEMENT(#3634,#3638);
#3640=IFCCARTESIANPOINT((1.0670000000000002,0.45750000000000046));
#3641=IFCAXIS2PLACEMENT2D(#3640,#3475);
#3642=IFCRECTANGLEPROFILEDEF(.AREA.,$,#3641,0.91500000000000037,2.1339999999999995);
#3643=IFCAXIS2PLACEMENT3D(#10,#45,#44);
#3644=IFCEXTRUDEDAREASOLID(#3642,#3643,#44,0.20000000000000001);
#3645=IFCSHAPEREPRESENTATION(#15,'Body','SweptSolid',(#3644));
#3646=IFCPRODUCTDEFINITIONSHAPE($,$,(#3645));
#3647=IFCCARTESIANPOINT((3.6000000000000147,0.099999999999995898,0.));
#3648=IFCAXIS2PLACEMENT3D(#3647,$,$);
#3649=IFCLOCALPLACEMENT(#931,#3648);
#3650=IFCOPENINGELEMENT('35McVSxIXyacB0vKhXyf92',#6,'M_Single-Flush:0915 x 2134mm:357431:1',$,'Opening',#3649,#3646,'357431');
#3651=IFCRELVOIDSELEMENT('2VAVo7xAHC8gxIHmtuhoql',#6,$,$,#943,#3650);
#3652=IFCRELFILLSELEMENT('3HNmbj3XmBePh1Yj1ElpLw',#6,$,$,#3650,#969);
#3653=IFCAXIS2PLACEMENT3D(#10,#44,#135);
#3654=IFCLOCALPLACEMENT(#3649,#3653);
#3655=IFCRELCONTAINEDINSPATIALSTRUCTURE('3FiBMdnX4L$5ZibsKCN3KR',#6,$,$,(#2486,#2545),#75);
#3656=IFCRELCONTAINEDINSPATIALSTRUCTURE('0GNuW$DddDSiFYchmon9Y5',#6,$,$,(#1806),#97);
#3657=IFCRELCONTAINEDINSPATIALSTRUCTURE('0K5JAyA$M_HMcujDt5tW3$',#6,$,$,(#1865,#2604),#118);
#3658=IFCRELCONTAINEDINSPATIALSTRUCTURE('3SZxsyh8eSvGJt9JTQslwH',#6,$,$,(#1746,#2663),#161);
#3659=IFCRELCONTAINEDINSPATIALSTRUCTURE('1mEXUNWVsOb3SBgzAn2xs6',#6,$,$,(#2910,#2969),#203);
#3660=IFCRELCONTAINEDINSPATIALSTRUCTURE('1DMoyvoNfBXM4ftC$Ni8$Y',#6,$,$,(#2792),#224);
#3661=IFCRELCONTAINEDINSPATIALSTRUCTURE('2MLH6olFllNDS9iQICa4oO',#6,$,$,(#2851,#3028),#245);
#3662=IFCRELCONTAINEDINSPATIALSTRUCTURE('2RnDPOa3q0dG1j_pxyfeHH',#6,$,$,(#2733,#3087),#287);
#3663=IFCUNITASSIGNMENT((#7,#8,#9,#51,#564));
ENDSEC;

END-ISO-10303-21;